/*
SQLyog Ultimate v9.63 
MySQL - 5.7.22-0ubuntu0.16.04.1 : Database - intelRecruit-Demo
*********************************************************************
*/

/*!40101 SET NAMES utf8 */;

/*!40101 SET SQL_MODE=''*/;

/*!40014 SET @OLD_UNIQUE_CHECKS=@@UNIQUE_CHECKS, UNIQUE_CHECKS=0 */;
/*!40014 SET @OLD_FOREIGN_KEY_CHECKS=@@FOREIGN_KEY_CHECKS, FOREIGN_KEY_CHECKS=0 */;
/*!40101 SET @OLD_SQL_MODE=@@SQL_MODE, SQL_MODE='NO_AUTO_VALUE_ON_ZERO' */;
/*!40111 SET @OLD_SQL_NOTES=@@SQL_NOTES, SQL_NOTES=0 */;
CREATE DATABASE /*!32312 IF NOT EXISTS*/`intelRecruit-Demo` /*!40100 DEFAULT CHARACTER SET latin1 */;

USE `intelRecruit-Demo`;

/*Table structure for table `c_escolaridad` */

DROP TABLE IF EXISTS `c_escolaridad`;

CREATE TABLE `c_escolaridad` (
  `id` int(11) NOT NULL AUTO_INCREMENT,
  `nombre` text NOT NULL,
  `baja` char(1) DEFAULT '0',
  PRIMARY KEY (`id`)
) ENGINE=InnoDB AUTO_INCREMENT=14 DEFAULT CHARSET=latin1;

/*Data for the table `c_escolaridad` */

insert  into `c_escolaridad`(`id`,`nombre`,`baja`) values (1,'NINGUNA','0'),(2,'PRIMARIA','0'),(3,'SECUNDARIA','0'),(4,'BACHILLERATO','0'),(5,'TSU','0'),(6,'LICENCIATURA','0'),(7,'MAESTRIA','0'),(8,'DOCTORADO / POST-DOC','0'),(9,'BACHILLERATO TRUNCA','0'),(10,'LICENCIATURA TRUNCA','0'),(11,'SECUNDARIA TRUNCA','0'),(12,'PRIMARIA TRUNCA','0'),(13,'ESTUDIANTE','0');

/*Table structure for table `c_sexo` */

DROP TABLE IF EXISTS `c_sexo`;

CREATE TABLE `c_sexo` (
  `id` int(11) NOT NULL AUTO_INCREMENT,
  `nombre` text NOT NULL,
  PRIMARY KEY (`id`)
) ENGINE=InnoDB AUTO_INCREMENT=4 DEFAULT CHARSET=latin1;

/*Data for the table `c_sexo` */

insert  into `c_sexo`(`id`,`nombre`) values (1,'FEMENINO'),(2,'MASCULINO');

/*Table structure for table `candidatos` */

DROP TABLE IF EXISTS `candidatos`;

CREATE TABLE `candidatos` (
  `id` bigint(20) NOT NULL AUTO_INCREMENT,
  `nombre` text NOT NULL,
  `direccion` text,
  `telefono` text,
  `celular` text,
  `correo` text,
  `cp` int(11) NOT NULL,
  `fecha_nacimiento` bigint(20) NOT NULL,
  `id_sexo` char(1) NOT NULL,
  `id_escolaridad` int(11) NOT NULL,
  `id_medio` int(11) NOT NULL,
  `baja` char(1) DEFAULT '0',
  `id_interno` bigint(20) DEFAULT NULL,
  PRIMARY KEY (`id`)
) ENGINE=InnoDB AUTO_INCREMENT=1045 DEFAULT CHARSET=latin1;

/*Data for the table `candidatos` */

insert  into `candidatos`(`id`,`nombre`,`direccion`,`telefono`,`celular`,`correo`,`cp`,`fecha_nacimiento`,`id_sexo`,`id_escolaridad`,`id_medio`,`baja`,`id_interno`) values (514,'LUIS ESPINOSA','Jehudiel 291 Hda. San Miguel, Leon ,Gto',NULL,NULL,NULL,37664,19790328,'1',6,4,'1',NULL),(515,'ERIKA VANESSA SANCHEZ GARCIA','',NULL,NULL,NULL,37580,19880801,'1',3,13,'1',NULL),(516,'JHOANA MARLEN VENEGAS SAUCEDO','',NULL,NULL,NULL,37560,19850630,'1',1,13,'1',NULL),(517,'LAURA ELENA VELAZQUEZ ZUÑIGA','',NULL,NULL,NULL,37179,19940629,'1',3,7,'0',NULL),(518,'JAZMIN VIRIDIANA GODINEZ NARVAEZ','',NULL,NULL,NULL,37199,19920624,'2',3,6,'0',NULL),(519,'JESUS MANUEL','LA VID 205',NULL,NULL,NULL,37134,19911208,'2',5,7,'0',NULL),(520,'AXEL ISAAC ARAIZA BARRON','',NULL,NULL,NULL,37280,19870322,'2',3,3,'0',NULL),(521,'FRANCISCO JAVIER GONZALEZ GONZALEZ','',NULL,NULL,NULL,37434,19940430,'2',3,3,'0',NULL),(522,'JORGE GUADALUPE HERNANDEZ PEREZ','',NULL,NULL,NULL,37294,19960427,'2',3,13,'0',NULL),(523,'JUAN SAUL DURAN ','',NULL,NULL,NULL,37419,19951017,'1',4,13,'0',NULL),(524,'ALICIA NATZALY GONZALEZ GARCIA','LISBOA 345 COL. ANDRADE, LEON, GTO. MEXICO',NULL,NULL,NULL,37370,19871104,'1',1,13,'1',NULL),(525,'KARLA IVETTE LANDEROS CASTAÑEDA','MADERO 112 COL. CENTRO, LEON, GTO. MEXICO',NULL,NULL,NULL,37100,20001025,'1',5,13,'0',NULL),(526,'NIDIA AYDALHI RIVERA JASSO','',NULL,NULL,NULL,37426,19880216,'1',4,13,'0',NULL),(527,'VIRGINIA PEREZ','',NULL,NULL,NULL,37555,19960806,'1',1,13,'0',NULL),(528,'LUZ ISAURA ORTEGA MARQUEZ','',NULL,NULL,NULL,37668,19900317,'2',1,13,'0',NULL),(529,'JOSE LUIS BARRIETOS MILLAN','',NULL,NULL,NULL,37355,19880920,'2',3,13,'0',NULL),(530,'CARLOS JESUS CHAVEZ MARES ','',NULL,NULL,NULL,37178,19851006,'2',1,3,'0',NULL),(531,'RICARDO SALVADOR BARRIENTOS GALLEGOS','',NULL,NULL,NULL,37208,20000929,'2',1,3,'0',NULL),(532,'ALEJANDRO RIOS SANCHEZ','',NULL,NULL,NULL,37425,19970518,'2',3,6,'0',NULL),(533,'ALICIA DEL ROCIO JARAMILLO NUÑEZ','',NULL,NULL,NULL,37160,19960914,'1',1,3,'0',NULL),(534,'MARIA SANJUANA HERNANDEZ GOMEZ','',NULL,NULL,NULL,37010,19900103,'2',3,3,'0',NULL),(535,'JUAN ARMANDO VALENCIA LUNA','',NULL,NULL,NULL,37020,20010621,'1',1,3,'0',NULL),(536,'MARIA DE JESUS ANTONIA PAREDES RODRIGUEZ','',NULL,NULL,NULL,37399,19880427,'1',4,3,'0',NULL),(537,'ELVIA MARTINEZ RODRIGUEZ','',NULL,NULL,NULL,37459,19960729,'2',1,6,'0',NULL),(538,'MARIO SANCHEZ ','Conocido',NULL,NULL,NULL,37189,19900615,'1',2,6,'0',NULL),(539,'JUDITH ARACELI JUAREZ NUÑEZ','',NULL,NULL,NULL,37683,19940508,'2',3,6,'0',NULL),(540,'MIGUEL ANGEL HERNANDEZ TRIANA','',NULL,NULL,NULL,37544,19930528,'1',3,3,'0',NULL),(541,'JAMILET REINA RODRIGUEZ GONZALEZ','',NULL,NULL,NULL,37420,19971202,'2',3,3,'0',NULL),(542,'LUIS MANUEL HERRERA MENCHACA','',NULL,NULL,NULL,37444,19910815,'2',3,3,'0',NULL),(543,'SERGIO DE JESUS RANGEL CABRERA','',NULL,NULL,NULL,37109,19870802,'1',3,3,'0',NULL),(544,'ROSA EUGENIA GARCIA AYALA','',NULL,NULL,NULL,37129,19920514,'1',4,3,'0',NULL),(545,'JUANA ARIADNA VILLALOBOS VELAZQUEZ','',NULL,NULL,NULL,37560,19940623,'1',9,3,'0',NULL),(546,'ARLETTE JOSEFINA HERNANDEZ GONZALEZ','',NULL,NULL,NULL,37360,19930201,'2',3,3,'0',NULL),(547,'MIGUEL ANGEL JUAREZ TRIANA','',NULL,NULL,NULL,37297,19950822,'1',3,10,'0',NULL),(548,'ELOISA SANCHEZ RANGEL','',NULL,NULL,NULL,37330,20010124,'1',3,3,'0',NULL),(549,'JESSICA ADRIANA MORALES GARCIA','',NULL,NULL,NULL,37478,20010413,'2',3,3,'0',NULL),(550,'MIGUEL ANGEL TORRES PEREZ','',NULL,NULL,NULL,37100,19980129,'1',9,3,'0',NULL),(551,'MARIA INES CHAVEZ VAZQUEZ','',NULL,NULL,NULL,37408,19910227,'2',3,3,'0',NULL),(552,'JAIRO JAVIER MARIN PEREZ','',NULL,NULL,NULL,37138,19870628,'1',3,6,'0',NULL),(553,'MARTHA ELENA MOSQUEDA LOZANO','',NULL,NULL,NULL,37690,20001216,'1',3,6,'0',NULL),(554,'MARIA AURORA CHAVEZ PEÑUELAS','',NULL,NULL,NULL,37426,19900709,'2',3,6,'0',NULL),(555,'KEVIN CIRILO SOTO VELAZQUEZ','',NULL,NULL,NULL,37536,20000406,'1',3,6,'0',NULL),(556,'SANDRA INES PEREZ MARTINEZ','',NULL,NULL,NULL,37666,19910110,'1',3,6,'0',NULL),(557,'MARIA ISABEL GARCIA HERNANDEZ','',NULL,NULL,NULL,37570,19951124,'2',3,2,'0',NULL),(558,'JUAN NICOLAS EMMANUEL FRIAS MONTOYA','',NULL,NULL,NULL,37357,19861021,'2',10,6,'0',NULL),(559,'OMAR LEON MORALES','',NULL,NULL,NULL,37298,20011105,'2',13,3,'0',NULL),(560,'ANTONIO DE JESUS TORRES FUENTES','CALLE 33, LEON, GTO','','','TOÑO@HOTMAIL.COM',37109,20020320,'2',6,3,'0',NULL),(561,'JESUS ALEJANDRO MORENO ALONSO','',NULL,NULL,NULL,37179,20020527,'1',13,3,'0',NULL),(562,'MARGARITA AGUILERA SANCHEZ','',NULL,NULL,NULL,37350,19880301,'1',3,3,'0',NULL),(563,'BRENDA VIVIANA VALADEZ ROMERO','',NULL,NULL,NULL,37319,20020126,'2',3,3,'0',NULL),(564,'ERICK FERNANDO PRADO PONCE','',NULL,NULL,NULL,37480,19930809,'2',3,3,'0',NULL),(565,'JAIME ALEJANDRO ZARAGOZA ZAVALA','',NULL,NULL,NULL,37369,19930401,'2',3,3,'0',NULL),(566,'JUAN DANIEL ARRONA DOMINGUEZ','',NULL,NULL,NULL,37407,19880304,'1',3,10,'0',NULL),(567,'MA CRISTINA BECERRA VAZQUEZ','',NULL,NULL,NULL,37468,19990820,'2',3,3,'0',NULL),(568,'ADRIAN ISAAC LOPEZ MORALES','',NULL,NULL,NULL,37128,20020414,'1',9,10,'0',NULL),(569,'MARIA NICOLASA AMADOR ARAUJO','',NULL,NULL,NULL,37366,19930320,'1',9,3,'0',NULL),(570,'GEMMA ISABEL ZUÑIGA MARTINEZ','',NULL,NULL,NULL,37368,19960505,'1',3,6,'0',NULL),(571,'ROSALIA CAMACHO ZAMBRANO','',NULL,NULL,NULL,37677,19851012,'2',4,6,'0',NULL),(572,'VICTOR MIGUEL HERNANDEZ GUZMAN','',NULL,NULL,NULL,37357,19850816,'1',3,13,'0',NULL),(573,'ALICIA DOMINGUEZ RUBALCABA','',NULL,NULL,NULL,37298,19890517,'1',1,3,'0',NULL),(574,'LUZ NATALIA GONZALEZ CAUDILLO','',NULL,NULL,NULL,37125,19860816,'1',9,1,'0',NULL),(575,'LAURA BARRERA ZUÑIGA','',NULL,NULL,NULL,37675,19990311,'1',3,4,'0',NULL),(576,'NORMA PATRICIA PALMA SANCHEZ','',NULL,NULL,NULL,37105,19971023,'2',1,13,'0',NULL),(577,'EFREN LICONA CASTELAN','',NULL,NULL,NULL,37236,19910420,'1',3,13,'0',NULL),(578,'LUISA ITZEL MORADO AGUILAR','',NULL,NULL,NULL,37188,19900519,'1',1,13,'0',NULL),(579,'IVONNE ALEJANDRA CASTAÑEDA VAZQUEZ','',NULL,NULL,NULL,37147,19970521,'2',1,13,'0',NULL),(580,'GERARDO ENRIQUE CHAVEZ ROSALES','Paris 204 Andrade ',NULL,NULL,NULL,37316,19890914,'2',1,11,'0',NULL),(581,'ERIKA DEL ROCIO RODRIGUEZ CRUZ','',NULL,NULL,NULL,37178,19970901,'1',1,13,'0',NULL),(582,'BLANCA ESTRELLA DE JESUS MELGOZA MEDINA','',NULL,NULL,NULL,37684,20000412,'1',3,13,'0',NULL),(583,'JUANA PATRICIA DELGADO ARROYO','',NULL,NULL,NULL,37470,19850922,'1',1,13,'0',NULL),(584,'JUANA VERONICA LUNA MARTINEZ','',NULL,NULL,NULL,37109,19930514,'1',3,13,'0',NULL),(585,'LAURA ESCAMILLA GONZALEZ','',NULL,NULL,NULL,37407,19971001,'2',3,13,'0',NULL),(586,'LUIS ADRIAN CRUZ ','',NULL,NULL,NULL,37669,19920215,'1',3,3,'0',NULL),(587,'MARIA MINERVA PINEDA DIAZ','',NULL,NULL,NULL,37180,19880907,'1',4,3,'0',NULL),(588,'MARINA ESCOBAR ROBLEDO','',NULL,NULL,NULL,37297,19911126,'1',3,13,'0',NULL),(589,'LUZ ADRIANA REYNOSO PEREZ','',NULL,NULL,NULL,37480,19950220,'1',1,13,'0',NULL),(590,'MARIA LOURDES MEDINA AVILA','',NULL,NULL,NULL,37219,20000210,'1',1,13,'0',NULL),(591,'JUANA ARACELI ESPINOZA CASTILLO','',NULL,NULL,NULL,37479,19900727,'1',3,13,'0',NULL),(592,'MARIA GUADALUPE BARCO GARCIA','',NULL,NULL,NULL,37430,19871116,'1',10,13,'0',NULL),(593,'ANA CRISTINA BECERRA ORTIZ','',NULL,NULL,NULL,37418,19910118,'1',3,3,'0',NULL),(594,'MARIA DE LOURDES ESTRADA JASSO','',NULL,NULL,NULL,37108,19890307,'1',1,13,'0',NULL),(595,'BEATRIZ IRENE ECHEVERRIA SANCHEZ','',NULL,NULL,NULL,37359,19851203,'1',1,3,'0',NULL),(596,'DULCE MARIA OLVERA CORTEZ','',NULL,NULL,NULL,37249,19940826,'1',1,10,'0',NULL),(597,'CAROLINA PIÑA CABRERA','',NULL,NULL,NULL,37128,19951016,'1',1,3,'0',NULL),(598,'PATRICIA LUNA BARAJAS','',NULL,NULL,NULL,37408,20001007,'2',1,3,'0',NULL),(599,'JONATHAN DE JESUS LEDEZMA CASTRO','',NULL,NULL,NULL,37430,19910414,'1',1,3,'0',NULL),(600,'PADUA BETHSABETH NADER DE ANDA','',NULL,NULL,NULL,37669,19960525,'1',4,3,'0',NULL),(601,'SANDRA VERONICA OLAEZ GARCIA','',NULL,NULL,NULL,37669,20001108,'1',3,10,'0',NULL),(602,'SARA VALERIA OLIVA ORTEGA','',NULL,NULL,NULL,37479,19950911,'1',3,9,'0',NULL),(603,'SANJUANA JOSEFINA MORENO','',NULL,NULL,NULL,37654,20010914,'1',1,11,'0',NULL),(604,'MARIA LUISA SALAZAR PRADO','',NULL,NULL,NULL,37655,19920608,'2',4,11,'0',NULL),(605,'FRANCISCO JAVIER VIEYRA BARCENAS','',NULL,NULL,NULL,37209,20010708,'2',4,3,'0',NULL),(606,'LUIS ALBERTO CUELLAS POMPA','',NULL,NULL,NULL,37500,19890627,'2',9,3,'0',NULL),(607,'EMANUEL LAZARO RAMOS','',NULL,NULL,NULL,37250,19921113,'2',4,3,'0',NULL),(608,'JULIO CESAR BAENA GUTIERREZ','',NULL,NULL,NULL,37536,20010102,'1',4,11,'0',NULL),(609,'MARIA MONJARAZ ALEMAN','',NULL,NULL,NULL,37539,19920415,'1',3,3,'0',NULL),(610,'MARIA ANGELICA RUIZ LANGO','',NULL,NULL,NULL,37235,19900825,'1',3,2,'0',NULL),(611,'SUSANA BERENICE PONCE RAMOS','',NULL,NULL,NULL,37119,19940713,'1',9,8,'0',NULL),(612,'BETZAYDA AVILA GUERRERO','',NULL,NULL,NULL,37010,20020419,'2',9,3,'0',NULL),(613,'ALBERTO ALEXIS BARRON NAVARRO','',NULL,NULL,NULL,37179,19960124,'1',4,2,'0',NULL),(614,'BERENICE ALVAREZ RAMIREZ','',NULL,NULL,NULL,37690,19990820,'1',9,2,'1',NULL),(615,'LESLI ALEJANDRA COLORADO RAMIREZ','',NULL,NULL,NULL,37230,19920326,'1',9,2,'0',NULL),(616,'MARIA DEL CARMEN ARGOTE JUAREZ','',NULL,NULL,NULL,37109,20020823,'2',9,13,'0',NULL),(617,'ISAAC ROBERTO BARAJAS HORTA','',NULL,NULL,NULL,37227,19980129,'1',9,11,'0',NULL),(618,'MARISELA DEL SOCORRO RODRIGUEZ MANDUJANO','',NULL,NULL,NULL,37665,20020813,'1',3,11,'0',NULL),(619,'ALEJANDRA NUÑEZ CAMARGO','',NULL,NULL,NULL,37478,20000612,'1',3,2,'0',NULL),(620,'ZAYRA VERONICA CLAUDIO ESPINOZA','',NULL,NULL,NULL,37426,20021207,'1',3,11,'0',NULL),(621,'ANA LUZ GUEVARA NAVARRO','',NULL,NULL,NULL,37000,19860629,'1',4,3,'0',NULL),(622,'ANA KAREN PIÑA NACHEZ','',NULL,NULL,NULL,37107,19850526,'1',3,3,'0',NULL),(623,'CECILIA MONTSERRAT RAMIREZ GOMEZ','',NULL,NULL,NULL,37288,19941107,'1',4,3,'0',NULL),(624,'VALERIA BERENICE RIVERA MEDINA','',NULL,NULL,NULL,37330,19891029,'2',5,3,'0',NULL),(625,'LUIS OMAR HERRERA','',NULL,NULL,NULL,37225,20020403,'2',3,10,'0',NULL),(626,'JAIRO ANTONIO AVILES RAMIREZ','',NULL,NULL,NULL,37119,19930609,'2',9,3,'0',NULL),(627,'ANTONIO MIGUEL BUZO RUIZ','',NULL,NULL,NULL,37199,19940811,'1',13,3,'0',NULL),(628,'DANY MARIA MONSERRAT RAMIREZ ALVAREZ','',NULL,NULL,NULL,37360,19980624,'2',4,10,'0',NULL),(629,'LUIS GERARDO RIVERA LOPEZ','',NULL,NULL,NULL,37209,19991226,'2',3,3,'0',NULL),(630,'ESTIBER OMAR MALDONADO GARCIA','',NULL,NULL,NULL,37580,19931019,'1',4,3,'0',NULL),(631,'CECILIA REYES MONDRAGON','',NULL,NULL,NULL,37666,19930513,'1',3,3,'0',NULL),(632,'ELISA GIOVANNA MALDONADO SANCHEZ','',NULL,NULL,NULL,37655,19970621,'2',4,3,'0',NULL),(633,'DIEGO GAEL RAMIREZ BELMONTES','',NULL,NULL,NULL,37278,19970928,'1',3,3,'0',NULL),(634,'LETICIA RAMOS CERRILLO','',NULL,NULL,NULL,37200,19940512,'2',3,3,'0',NULL),(635,'IRVIN MEDINA','',NULL,NULL,NULL,37357,19910216,'1',4,3,'0',NULL),(636,'YESICA GUADALUPE AGUILAR SANTILLAN','',NULL,NULL,NULL,37107,19940121,'1',3,3,'0',NULL),(637,'BEATRIZ ADRIANA RODRIGUEZ RAMIREZ','ALGUNA CALLE 205',NULL,NULL,NULL,37106,19861014,'1',1,8,'0',NULL),(638,'MARIA CONCEPCIÓN HERNÁNDEZ SOTELO','',NULL,NULL,NULL,37544,19870509,'2',9,13,'0',NULL),(639,'JOSE DE JESUS NAVA HERNANDEZ','',NULL,NULL,NULL,37358,19861216,'1',1,3,'0',NULL),(640,'BLANCA BERENICE MORELES MUÑOZ','',NULL,NULL,NULL,37530,19941108,'1',4,3,'0',NULL),(641,'MARTHA PATRICIA SANCHEZ MARTINEZ','',NULL,NULL,NULL,37276,19890122,'1',1,3,'0',NULL),(642,'IXAMAR DE JESUS PEREZ ROCHA','CALLE 34, COL LEON, LEON, GTO','','','',37134,19870916,'2',1,3,'0',NULL),(643,'RICARDO GABRIEL LOPEZ MARTINEZ','',NULL,NULL,NULL,37269,19890121,'2',1,3,'0',NULL),(644,'JOSE ADRIAN RAMIREZ GONZALEZ','',NULL,NULL,NULL,37235,19961204,'1',4,3,'0',NULL),(645,'ZENHARA SERENA VENTURA','',NULL,NULL,NULL,37555,19900122,'1',4,3,'0',NULL),(646,'MAYRA DEL CARMEN GARCIA CHAVEZ','',NULL,NULL,NULL,37549,19900812,'1',1,11,'0',NULL),(647,'PERLA YOSELIN LUNA GARCIA','',NULL,NULL,NULL,37120,19921211,'1',1,3,'0',NULL),(648,'ANA KARINA HERNANDEZ NUÑEZ','',NULL,NULL,NULL,37668,19981219,'1',9,3,'0',NULL),(649,'ANA LAURA DELGADILLO PEREZ','',NULL,NULL,NULL,37296,19960721,'2',4,3,'0',NULL),(650,'DAVID SILVESTRE RAMIREZ MIRELES','',NULL,NULL,NULL,37655,19890622,'2',9,3,'0',NULL),(651,'JOSE GUADALUPE CABRERA TREJO','',NULL,NULL,NULL,37684,19901115,'2',4,3,'0',NULL),(652,'JUAN CARLOS MARTINEZ RODRIGUEZ','',NULL,NULL,NULL,37353,19970522,'1',4,3,'0',NULL),(653,'MARIA DE JESUS MONTAÑEZ TRUJILLO','',NULL,NULL,NULL,37156,19981106,'2',3,3,'0',NULL),(654,'ALBERTO ROGELIO RODRIGUEZ JASSO','',NULL,NULL,NULL,37430,19980615,'1',4,3,'0',NULL),(655,'JUANA BERENICE DOMINGUEZ CERVERA','',NULL,NULL,NULL,37270,20010202,'1',3,2,'0',NULL),(656,'LAURA JAZMIN ARELLANO RODRIGUEZ','',NULL,NULL,NULL,37360,19980318,'1',4,2,'0',NULL),(657,'MA ELENA CRUZ VALDIVIA ESQUEDA','',NULL,NULL,NULL,37570,19991009,'1',3,3,'0',NULL),(658,'BERTHA ESTEFANIA MARES ARENAS','',NULL,NULL,NULL,37369,19951106,'1',3,3,'0',NULL),(659,'KAREN DANIELA PAREDES AVIÑA','',NULL,NULL,NULL,37408,19880310,'1',3,3,'0',NULL),(660,'MAYRA ESTHER CERVANTES LOPEZ','',NULL,NULL,NULL,37650,19890821,'1',9,3,'0',NULL),(661,'ANA MARIA GUADALUPE VAZQUEZ MANDUJANO','',NULL,NULL,NULL,37457,19930505,'2',3,3,'0',NULL),(662,'RICARDO ALEJANDRO RAMIREZ HERNANDEZ','',NULL,NULL,NULL,37147,19871120,'1',10,3,'0',NULL),(663,'MILAGROS GUADALUPE TORRES MUÑOZ','',NULL,NULL,NULL,37580,20020311,'1',3,6,'0',NULL),(664,'DIANA IVON MANRIQUEZ CARMONA','',NULL,NULL,NULL,37360,19870230,'2',3,6,'0',NULL),(665,'OSCAR SEBASTIAN LUGO MARTINEZ','',NULL,NULL,NULL,37680,20000928,'2',3,6,'0',NULL),(666,'ALAN ANTONIO MUÑOZ CHAVEZ','',NULL,NULL,NULL,37418,19900507,'1',3,5,'0',NULL),(667,'NORMA LAURA DE LA CERDA HUERTA','',NULL,NULL,NULL,37289,19930501,'1',3,3,'0',NULL),(668,'LUZ ADRIANA TERRONES PEREZ','',NULL,NULL,NULL,37128,19931127,'1',3,3,'0',NULL),(669,'ALMA JULIETA ALBA MARES','',NULL,NULL,NULL,37219,19980926,'1',9,5,'0',NULL),(670,'LUZ ELENA RAMIREZ CORTEZ','',NULL,NULL,NULL,37269,19940916,'1',3,6,'0',NULL),(671,'ERICA CECILIA LOPEZ AGUILAR','Madero 127 centro',NULL,NULL,NULL,37118,19911113,'1',3,8,'0',NULL),(672,'JUDITH ALEJANDRA ROSAS','',NULL,NULL,NULL,37440,19940428,'1',1,13,'1',NULL),(673,'MARIA GUADALUPE SERRANO SANCHEZ','',NULL,NULL,NULL,37260,19940609,'1',10,13,'0',NULL),(674,'ALEJANDRA VALENZUELA MORENO','',NULL,NULL,NULL,37566,19980805,'2',3,13,'0',NULL),(675,'EDGAR GIOVANNI OLMEDO ORTA','',NULL,NULL,NULL,37204,19910206,'1',3,13,'0',NULL),(676,'ANA LAURA FERNANDEZ HERNANDEZ','',NULL,NULL,NULL,37457,19960106,'1',1,13,'0',NULL),(677,'ERIKA TERESA VALDIVIA LOPEZ','',NULL,NULL,NULL,37125,19950830,'1',1,13,'0',NULL),(678,'ANTONIA RIOS VALLEJO','',NULL,NULL,NULL,37119,19900301,'1',1,13,'0',NULL),(679,'FRANCISCA MARTINEZ RAYGOZA','',NULL,NULL,NULL,37257,19910918,'2',3,13,'0',NULL),(680,'KEVIN ULISES JACOBO SUAREZ','',NULL,NULL,NULL,37355,19910711,'1',3,13,'0',NULL),(681,'MARIA ANTONIA VENEGAS BUENO','',NULL,NULL,NULL,37669,19970816,'2',3,13,'0',NULL),(682,'MIGUEL EDUARDO JUAREZ FUENTES','',NULL,NULL,NULL,37548,19990724,'1',4,13,'0',NULL),(683,'NORA INES GUZMAN GRANADOS','',NULL,NULL,NULL,37289,19961129,'1',3,13,'0',NULL),(684,'MARIA TERESA MALDONADO MEDINA','',NULL,NULL,NULL,37530,20000922,'1',1,13,'0',NULL),(685,'MARTHA PATRICIA SOLORZANO CAUDILLO','',NULL,NULL,NULL,37690,19980611,'2',1,13,'0',NULL),(686,'HECTOR ENRIQUE ROMERO GOMEZ','',NULL,NULL,NULL,37448,19860906,'1',1,13,'0',NULL),(687,'MONICA ERNESTINA CAMARENA','',NULL,NULL,NULL,37120,20011210,'2',1,13,'0',NULL),(688,'PEDRO GARCIA CANO ','',NULL,NULL,NULL,37590,19910105,'1',1,13,'0',NULL),(689,'PAOLA GUADALUPE GARCIA CALVILLO','',NULL,NULL,NULL,37697,20021022,'1',3,13,'0',NULL),(690,'ALEJANDRA DELGADO MARES','',NULL,NULL,NULL,37170,19871111,'2',1,6,'0',NULL),(691,'JONATHAN PONCE ','',NULL,NULL,NULL,37267,19950626,'1',1,6,'0',NULL),(692,'GEMMA CAROLINA PEDROZA GONZALEZ','',NULL,NULL,NULL,37318,19860522,'2',3,3,'0',NULL),(693,'GERARDO DE JESUS TAPIA MONTENEGRO','',NULL,NULL,NULL,37410,19870401,'1',3,3,'0',NULL),(694,'ESMERALDA JAQUELINE PEREZ MANRIQUEZ','',NULL,NULL,NULL,37134,19991022,'2',4,3,'0',NULL),(695,'JOSE ABRAHAM SERRANO SANCHEZ','',NULL,NULL,NULL,37444,19881025,'2',3,10,'0',NULL),(696,'CHRISTIAN EDUARDO TAVERA ESTRADA','',NULL,NULL,NULL,37353,20000906,'2',1,11,'0',NULL),(697,'CARLOS ALBERTO GARCIA MUÑOZ','',NULL,NULL,NULL,37687,19950930,'1',1,11,'0',NULL),(698,'ANGELICA MARIA VACA GARCIA','',NULL,NULL,NULL,37010,19900816,'1',1,3,'0',NULL),(699,'LIZETH JUDITH RODRIGUEZ AMARO','',NULL,NULL,NULL,37536,19901109,'1',1,3,'0',NULL),(700,'MONICA PEREZ MARTINEZ','',NULL,NULL,NULL,37217,19991102,'1',1,3,'0',NULL),(701,'SANDRA MELISA PEREZ MARTINEZ','',NULL,NULL,NULL,37479,19970628,'1',1,3,'0',NULL),(702,'SILVIA REYES LOPEZ','',NULL,NULL,NULL,37654,20010306,'2',4,11,'0',NULL),(703,'JUAN ANTONIO VARGAS FONSECA','',NULL,NULL,NULL,37419,19921017,'1',1,13,'0',NULL),(704,'JAZMIN JAQUELINE OROZCO RUIZ','',NULL,NULL,NULL,37407,20021006,'1',1,11,'0',NULL),(705,'OLGA LIDIA VALDEZ ORNELAS','',NULL,NULL,NULL,37697,19960330,'1',1,11,'0',NULL),(706,'BRENDA ELIZABETH HERNANDEZ NEGRETE','',NULL,NULL,NULL,37418,19970426,'1',4,11,'0',NULL),(707,'BRENDA ALEJANDRA REYES SANCHEZ','',NULL,NULL,NULL,37440,19901216,'1',4,3,'0',NULL),(708,'JESUS DE LOS ANGLES LOPEZ RAMIREZ','',NULL,NULL,NULL,37179,20011201,'1',4,2,'0',NULL),(709,'JUANA JESSICA ELIZABETH ROJAS HERNANDEZ','',NULL,NULL,NULL,37570,19890519,'1',4,3,'0',NULL),(710,'CRISTINA LOPEZ ','',NULL,NULL,NULL,37140,19851001,'2',3,11,'0',NULL),(711,'ISMAEL SOLIS FLORES','',NULL,NULL,NULL,37684,19960722,'1',3,2,'0',NULL),(712,'MANUELA MUÑOZ ALMANZA','',NULL,NULL,NULL,37210,20020327,'1',3,2,'0',NULL),(713,'VIRIDIANA JASMIN CISNEROS ESPINOZA','',NULL,NULL,NULL,37299,20000520,'1',4,3,'0',NULL),(714,'BLANCA FABIOLA VAZQUEZ INFANTE','',NULL,NULL,NULL,37310,19900122,'2',3,2,'0',NULL),(715,'RAFAEL SANCHEZ GARCIA','',NULL,NULL,NULL,37550,19930724,'1',3,6,'0',NULL),(716,'SARAHI ESTEFANI TERRONES ALVARADO','',NULL,NULL,NULL,37459,20010310,'1',3,3,'0',NULL),(717,'PATRICIA RUIZ MARMOLEJO','',NULL,NULL,NULL,37539,19850105,'2',4,11,'0',NULL),(718,'JOSE GUADALUPE LOPEZ NAVA','',NULL,NULL,NULL,37129,19871003,'1',4,7,'0',NULL),(719,'LOURDES ALEJANDRA CAUDILLO ROSAS','',NULL,NULL,NULL,37180,19891208,'1',3,3,'0',NULL),(720,'LUCERO DEL ROCIO SOTELO GARCIA','',NULL,NULL,NULL,37236,19910704,'1',4,3,'0',NULL),(721,'MARISELA CAUDILLO ZUÑIGA','',NULL,NULL,NULL,37297,19911204,'2',3,9,'0',NULL),(722,'LUIS FERNANDO GRANADOS SANCHEZ','',NULL,NULL,NULL,37487,19860820,'1',9,3,'0',NULL),(723,'SELENE ESTEFANIA DE ANDA BALDERAS','',NULL,NULL,NULL,37434,20011117,'1',4,13,'0',NULL),(724,'MARGARITA ALVARADO PADILLA','',NULL,NULL,NULL,37673,19860612,'1',3,3,'0',NULL),(725,'GABRIELA DEL CARMEN RAMOS RODRIGUEZ','',NULL,NULL,NULL,37250,19991024,'1',3,3,'0',NULL),(726,'LIZ FERNANDA PRATZ OLIVARES ','',NULL,NULL,NULL,37250,20020421,'1',3,3,'0',NULL),(727,'DOLORES BERENICE VILLEGAS ESCOBEDO','CALLE DEL PINO 393 COL. ARBOLES DEL PEDREGAL, LEON, GTO','477 989 0943','477 990 9840','correo@hotmail.com',37318,20020918,'2',3,3,'0',NULL),(728,'JUAN CARLOS MARTINEZ GAONA','',NULL,NULL,NULL,37279,19900411,'1',3,6,'0',NULL),(729,'ANGELICA PINO RENTERIA','',NULL,NULL,NULL,37520,19960411,'1',4,3,'0',NULL),(730,'SAMANTHA SOLIS PRO','',NULL,NULL,NULL,37414,19910619,'1',3,3,'0',NULL),(731,'GLORIA ANGELICA RAMIREZ VALTIERRA','',NULL,NULL,NULL,37458,19980221,'1',3,3,'0',NULL),(732,'MARIA REYNA JASSO HERNANDEZ','',NULL,NULL,NULL,37538,19910918,'2',3,6,'0',NULL),(733,'ANDRES TORRES LOPEZ','',NULL,NULL,NULL,37439,19960628,'2',3,3,'0',NULL),(734,'JOSE LUIS AGUIRRE LOPEZ','',NULL,NULL,NULL,37110,19910215,'1',4,3,'0',NULL),(735,'SOFIA TORRES ALATORRE','',NULL,NULL,NULL,37550,19850726,'1',3,3,'0',NULL),(736,'VIRIDIANA RODRIGUEZ ORTIZ','',NULL,NULL,NULL,37299,20011026,'1',3,10,'0',NULL),(737,'ROSA IVON CHAVEZ PONCE','',NULL,NULL,NULL,37456,19891009,'1',4,3,'0',NULL),(738,'VALERIA ESTEFANIA GABIA GONZALEZ','',NULL,NULL,NULL,37316,19950330,'1',3,3,'0',NULL),(739,'KARLA PATRICIA CANO ORTIZ','',NULL,NULL,NULL,37460,19890319,'2',3,3,'0',NULL),(740,'DAVID ABRAHAM GOMEZ VELMUDEZ','',NULL,NULL,NULL,37669,19920424,'1',9,3,'0',NULL),(741,'GLORIA NOEMI GABIA GONZALEZ','',NULL,NULL,NULL,37688,19990509,'2',9,3,'0',NULL),(742,'EDGAR RICARDO BANDA PRADO','',NULL,NULL,NULL,37288,19900223,'2',9,13,'0',NULL),(743,'JAVIER PEREZ MORALES','',NULL,NULL,NULL,37526,19920112,'1',4,13,'0',NULL),(744,'VIRGINIA DEL ROSARIO MARTINEZ GALVAN','',NULL,NULL,NULL,37444,20011120,'1',4,13,'0',NULL),(745,'MARIA AMELIA VARGAS FLORES','',NULL,NULL,NULL,37279,19890420,'1',3,13,'0',NULL),(746,'LESLIE ALEJANDRA COLORADO RAMIREZ','',NULL,NULL,NULL,37156,19991222,'1',3,13,'0',NULL),(747,'ALONDRA ABIGAIL NUÑEZ VELA','',NULL,NULL,NULL,37570,19901116,'1',4,13,'0',NULL),(748,'ANA MARIA SANCHEZ LOPEZ','',NULL,NULL,NULL,37156,19861201,'1',3,13,'0',NULL),(749,'ARIADNA DE LOS MILAGROS PAREDES GARCIA','',NULL,NULL,NULL,37315,19930512,'1',3,13,'0',NULL),(750,'BLANCA GRACIELA GARCIA LEMUS','',NULL,NULL,NULL,37218,19990303,'2',3,13,'0',NULL),(751,'BRIAN DEL JESUS ZAVALA GUTIERREZ','',NULL,NULL,NULL,37460,19921202,'2',3,13,'0',NULL),(752,'CARLOS DANIEL HERNANDEZ REYNOSO','',NULL,NULL,NULL,37239,20010118,'2',3,13,'0',NULL),(753,'CARLOS JAIME CHAVEZ','',NULL,NULL,NULL,37566,19850118,'2',1,13,'0',NULL),(754,'CESAR ORLANDO SANTANA GOMEZ','',NULL,NULL,NULL,37290,20021001,'1',9,13,'0',NULL),(755,'DULCE YANET RODRIGUEZ ORTIZ','',NULL,NULL,NULL,37355,19880213,'1',3,13,'0',NULL),(756,'ERIKA JAZMIN REYES ZAVALA','',NULL,NULL,NULL,37020,19920408,'1',1,13,'0',NULL),(757,'FATIMA BALERIA FLORES GONZALEZ','',NULL,NULL,NULL,37358,19991125,'2',3,13,'0',NULL),(758,'FERNANDO VALENTIN TORRES BENITEZ','',NULL,NULL,NULL,37564,20000701,'1',4,13,'0',NULL),(759,'GRACIELA MARQUEZ HERNANDEZ','',NULL,NULL,NULL,37118,20010714,'2',9,13,'0',NULL),(760,'HECTOR BARACHEL CANO RAMIREZ','',NULL,NULL,NULL,37270,19940625,'2',9,13,'0',NULL),(761,'HERNAN ENRIQUE ALVAREZ RODRIGUEZ','',NULL,NULL,NULL,37590,20020503,'1',3,13,'0',NULL),(762,'JESSICA LIZBETH LOPEZ ZARAGOZA','',NULL,NULL,NULL,37358,19880229,'2',9,13,'0',NULL),(763,'JUAN MANUEL GOMEZ RAMOS','',NULL,NULL,NULL,37179,19950522,'1',9,13,'0',NULL),(764,'JUANA ARACELI RANGEL CORENO','',NULL,NULL,NULL,37250,19961008,'2',3,13,'0',NULL),(765,'JULIO MOISES ARREGUIN ORTEGA','',NULL,NULL,NULL,37147,19950908,'1',10,13,'0',NULL),(766,'KAREN GUADALUPE GALMES RUIZ','',NULL,NULL,NULL,37350,19871020,'1',3,8,'0',NULL),(767,'KARLA ESMERALDA CERVANTES FRAUSTO','',NULL,NULL,NULL,37268,20000324,'1',3,13,'0',NULL),(768,'LAURA IVONNE RODRIGUEZ OLMOS','',NULL,NULL,NULL,37417,19910314,'1',3,13,'0',NULL),(769,'LAURA LUCIA QUIJAS ROCHA','',NULL,NULL,NULL,37178,19960406,'2',9,13,'0',NULL),(770,'MANUEL ALEJANDRO RIOS SANCHEZ','',NULL,NULL,NULL,37310,19850621,'1',3,13,'0',NULL),(771,'MARGARITA SORIA GUTIERREZ','',NULL,NULL,NULL,37188,19920610,'1',1,6,'0',NULL),(772,'MARIA AMELIA VARGAS FLORES','',NULL,NULL,NULL,37225,20020117,'1',3,13,'0',NULL),(773,'MARIA CAROLINA HINOJOSA ROMERO','',NULL,NULL,NULL,37357,19950504,'1',3,13,'0',NULL),(774,'MARIA CAROLINA MORENO ORTEGA','','','','',37456,19930604,'1',3,13,'0',NULL),(775,'MARIA DE LA LUZ FUENTES DELGADO','',NULL,NULL,NULL,37020,19851216,'1',3,13,'0',NULL),(776,'MARIA DEL ROCIO SANCHEZ PEREZ','',NULL,NULL,NULL,37350,19960816,'1',9,13,'0',NULL),(777,'MARIA ELENA MANDUJANO YAÑEZ','MADERO 121, COL. CENTRO, LEON, GTO. MEX','477 000 0000','477 000 0001','CORREO@CORREO.COM',37400,19950210,'1',3,6,'0',NULL),(778,'MARIA ISABEL BARAJAS MANDUJANO','',NULL,NULL,NULL,37240,19950330,'1',3,13,'0',NULL),(779,'MARIA SOLEDAD PANIAGUA ARREOLA','',NULL,NULL,NULL,37545,19990429,'1',3,13,'0',NULL),(780,'MIRIAM MARIA GUADALUPE ELIAS BLANCARTE','',NULL,NULL,NULL,37477,19960620,'2',1,13,'0',NULL),(781,'NOE ROBERTO LUNA MORENO','',NULL,NULL,NULL,37430,19851207,'2',1,13,'0',NULL),(782,'PEDRO ROMERO MORALES','',NULL,NULL,NULL,37179,19970722,'1',3,13,'0',NULL),(783,'REBECA MANCILLA GARCIA','',NULL,NULL,NULL,37110,19850309,'1',3,13,'0',NULL),(784,'XITLALIC ATILANO VARO','',NULL,NULL,NULL,37444,19850215,'1',3,13,'0',NULL),(1029,'MARIANA','BRISAS 3834',NULL,NULL,NULL,37297,19811110,'1',6,1,'1',NULL),(1030,'GABRIELA MARTINEZ AZPEITIA','GRANJA NATALIA 382 COL. GRANJENO',NULL,NULL,NULL,37550,19830213,'1',3,6,'1',NULL),(1043,'MARCELO B','LA VID 205,  TABLAS DE LA VIRGEN',NULL,NULL,NULL,37140,19740716,'2',6,9,'1',NULL),(1044,'DIEGO MOJINO','SAN CARLOS 119, SAN CARLOS, LEON, GTO','477 990 0993','477 123 0880','DIEGO@GMAIL.COM',37821,19980509,'2',4,10,'1',NULL);

/*Table structure for table `catalogos` */

DROP TABLE IF EXISTS `catalogos`;

CREATE TABLE `catalogos` (
  `descripcion` text,
  `tabla` text,
  `id` int(11) NOT NULL AUTO_INCREMENT,
  PRIMARY KEY (`id`)
) ENGINE=InnoDB AUTO_INCREMENT=5 DEFAULT CHARSET=latin1;

/*Data for the table `catalogos` */

insert  into `catalogos`(`descripcion`,`tabla`,`id`) values ('Medios de adquisicion','medios',1),('Razones de rechazo','razones_rechazo',2),('Posiciones de vacantes','vacantes_nombre',3),('Concepto de gastos','gastos_conceptos',4);

/*Table structure for table `clientes` */

DROP TABLE IF EXISTS `clientes`;

CREATE TABLE `clientes` (
  `id` bigint(20) NOT NULL AUTO_INCREMENT COMMENT 'id - unico',
  `nombre` text NOT NULL COMMENT 'nombre - unico',
  `direccion` text,
  `codigo_postal` int(11) NOT NULL COMMENT 'cp - obligatorio ubicacion',
  `telefono` text,
  `baja` char(1) DEFAULT '0',
  PRIMARY KEY (`id`)
) ENGINE=InnoDB AUTO_INCREMENT=217 DEFAULT CHARSET=latin1;

/*Data for the table `clientes` */

insert  into `clientes`(`id`,`nombre`,`direccion`,`codigo_postal`,`telefono`,`baja`) values (130,'LA MARQUESA',NULL,37788,NULL,'0'),(131,'JOLGUABER',NULL,37690,NULL,'0'),(132,'BALLERES','RAUL BALLERES NORTE 48, BARRIO NUEVO, SILAO, GTO',36100,'(00) 0000 0000','0'),(133,'VIZCAYA',NULL,37773,NULL,'1'),(134,'SINALOA',NULL,37441,NULL,'0'),(135,'LOMAS DEL MIRADOR',NULL,37595,NULL,'0'),(136,'COLINAS DE PLATA',NULL,37655,NULL,'0'),(137,'PARQUES DE SAN JUAN',NULL,37431,NULL,'0'),(138,'COUNTRY',NULL,37346,NULL,'0'),(139,'SATURNO','TIZIANO PUPPIN 177 COL. LEON II LEON, GTO. MEXICO',37235,NULL,'0'),(140,'AGUA AZUL',NULL,37604,NULL,'0'),(141,'CUMBRES LA GLORIA',NULL,37359,NULL,'0'),(142,'EYUPOL',NULL,37462,NULL,'0'),(143,'LEON II',NULL,37855,NULL,'0'),(144,'21 DE MARZO',NULL,37138,NULL,'0'),(145,'JOYAS',NULL,37075,NULL,'0'),(146,'PROGRAMA DESARROLLO ENRIQUE',NULL,37659,NULL,'0'),(147,'COSTA RICA',NULL,37013,NULL,'0'),(148,'RAMAL',NULL,37536,NULL,'0'),(149,'PASEOS DEL MOLINO',NULL,37945,NULL,'0'),(150,'ALFREDO VALADEZ',NULL,37409,NULL,'0'),(151,'HERMANOS ALDAMA',NULL,37747,NULL,'0'),(152,'VISTA ESMERALDA',NULL,37746,NULL,'0'),(153,'MARIANO ESCOBEDO',NULL,37412,NULL,'0'),(154,'CERVANTES',NULL,37550,NULL,'0'),(155,'MEDINA',NULL,37039,NULL,'0'),(156,'EL FARO',NULL,37988,NULL,'0'),(157,'OSVALDO',NULL,37983,NULL,'0'),(158,'COLINAS DE SAN FRANCISCO',NULL,37956,NULL,'0'),(159,'NORIAS',NULL,37577,NULL,'0'),(160,'SALAMANCA',NULL,37724,NULL,'0'),(161,'STA JULIA',NULL,37584,NULL,'0'),(162,'CUDRILLA JOSE RIOS',NULL,37782,NULL,'0'),(163,'SAN MIGUEL',NULL,37132,NULL,'0'),(164,'ATOTONILCO',NULL,37419,NULL,'0'),(165,'SAN ROMAN',NULL,37415,NULL,'0'),(166,'SANTO DOMINGO',NULL,37793,NULL,'0'),(167,'PRESITAS',NULL,37531,NULL,'0'),(168,'LOMA DORADA',NULL,37645,NULL,'0'),(169,'VALLE DE SAN JOSE',NULL,37803,NULL,'0'),(170,'VILLAS DE SAN JUAN',NULL,37103,NULL,'0'),(171,'CASTILLOS','DE LOS CASTILLOS 345, LOS CASTILLOS, LEON, GTO',37753,'(00) 0000 0000','0'),(172,'EL ROSARIO',NULL,37302,NULL,'0'),(173,'JEREZ',NULL,37204,NULL,'0'),(174,'SANTA JULIA',NULL,37235,NULL,'0'),(175,'VALERIANA',NULL,37849,NULL,'0'),(176,'HILAMAS',NULL,37760,NULL,'0'),(177,'MALINALCO',NULL,37648,NULL,'0'),(178,'CLARA SANCHEZ',NULL,37021,NULL,'0'),(179,'TURQUESA',NULL,37012,NULL,'0'),(180,'EL ROBLE',NULL,37906,NULL,'0'),(181,'CUADRILLA RICARDO',NULL,37939,NULL,'0'),(182,'PASEOS DEL MAUREL',NULL,37178,NULL,'0'),(183,'CUADRILLA MAURICIO',NULL,37645,NULL,'0'),(184,'PALO IV',NULL,37146,NULL,'0'),(185,'SION',NULL,37563,NULL,'0'),(186,'ORENSE',NULL,37467,NULL,'0'),(187,'SANCHEZ',NULL,37840,NULL,'0'),(188,'COLINAS DE FCO',NULL,37469,NULL,'0'),(189,'PALERMO',NULL,37827,NULL,'0'),(190,'PROGRAMA DESARROLLO COUNTRY',NULL,37233,NULL,'0'),(191,'CUADRILLA SERGIO',NULL,37991,NULL,'0'),(192,'PROGRAMA DESARROLLO DAVID',NULL,37544,NULL,'0'),(193,'PROGRAMA DESARROLLO VILLAS',NULL,37674,NULL,'0'),(194,'EXPRESS',NULL,37597,NULL,'0'),(195,'PROGRAMA DESARROLLO SATURNO',NULL,37054,NULL,'0'),(196,'ROBLE DE JEREZ',NULL,37951,NULL,'0'),(197,'RIO MAYO',NULL,37256,NULL,'0'),(198,'SAN ANTONIO',NULL,37918,NULL,'0'),(199,'BRISAS DEL CARMEN',NULL,37789,NULL,'0'),(200,'MADRE TIERRA',NULL,37449,NULL,'0'),(201,'VILLAS DE SAN NICOLAS',NULL,37830,NULL,'0'),(202,'LA CAPILLA',NULL,37352,NULL,'0'),(203,'PRESIDENTES',NULL,37851,NULL,'0'),(204,'CERRO DEL GIGANTE',NULL,37095,NULL,'0'),(205,'LOS CASTILLOS',NULL,37129,NULL,'0'),(206,'TORREMOLINOS',NULL,37372,NULL,'0'),(207,'TELLEZ CRUCES',NULL,37618,NULL,'0'),(208,'CUADRILLA DAVID',NULL,37791,NULL,'1'),(209,'SANTA ROSA',NULL,37262,NULL,'0'),(210,'VILLAS DE LA LUZ',NULL,37422,NULL,'0'),(211,'PARQUES DEL SUR',NULL,37784,NULL,'0'),(212,'OBREGON',NULL,37662,NULL,'0'),(213,'ROMITA',NULL,37463,NULL,'0'),(214,'VALLE DE LEON',NULL,37934,NULL,'0'),(215,'JOYAS DE CASTILLA',NULL,37038,NULL,'0'),(216,'BARA DE PRUEBA','ALGUNA CALLE',37235,'477 778 8987','1');

/*Table structure for table `frecuencias` */

DROP TABLE IF EXISTS `frecuencias`;

CREATE TABLE `frecuencias` (
  `id` int(11) NOT NULL AUTO_INCREMENT,
  `nombre` text NOT NULL,
  `dias` int(11) NOT NULL,
  `default` tinyint(1) DEFAULT NULL,
  `baja` char(1) DEFAULT '0',
  PRIMARY KEY (`id`)
) ENGINE=InnoDB AUTO_INCREMENT=8 DEFAULT CHARSET=latin1;

/*Data for the table `frecuencias` */

insert  into `frecuencias`(`id`,`nombre`,`dias`,`default`,`baja`) values (1,'Ultimos 7 dias',7,0,'1'),(2,'Ultimos 30 dias',30,0,'0'),(3,'Mes actual',0,0,'1'),(4,'Ultimos 90 dias',90,1,'0'),(5,'Ultimos 6 meses',180,0,'0'),(6,'Año actual',0,0,'1'),(7,'Ultimos 12 meses',365,0,'0');

/*Table structure for table `gastos` */

DROP TABLE IF EXISTS `gastos`;

CREATE TABLE `gastos` (
  `id` bigint(20) NOT NULL AUTO_INCREMENT,
  `id_cliente` int(11) NOT NULL DEFAULT '0',
  `id_concepto` bigint(20) NOT NULL,
  `id_medio` int(11) NOT NULL DEFAULT '0' COMMENT 'se proratea al registrar',
  `id_asesor` int(11) NOT NULL DEFAULT '0' COMMENT 'se proratea al registrar',
  `id_comun` double DEFAULT '0' COMMENT 'fecha sera igual - id hrminseg',
  `fecha` bigint(20) NOT NULL,
  `monto` double NOT NULL,
  `baja` tinyint(1) NOT NULL DEFAULT '0',
  PRIMARY KEY (`id`)
) ENGINE=InnoDB AUTO_INCREMENT=41 DEFAULT CHARSET=latin1;

/*Data for the table `gastos` */

insert  into `gastos`(`id`,`id_cliente`,`id_concepto`,`id_medio`,`id_asesor`,`id_comun`,`fecha`,`monto`,`baja`) values (1,0,1,0,5,0,20180101,12000,0),(2,0,2,12,5,0,20180101,450,0),(3,0,3,3,5,111755,20180110,800,0),(4,0,3,4,5,111755,20180110,800,0),(5,0,4,8,4,111803,20180105,600,0),(6,0,1,0,5,0,20180201,12000,0),(7,0,2,12,5,0,20180201,450,0),(8,0,4,8,5,111803,20180105,600,0),(9,0,4,8,7,111803,20180105,600,0),(10,0,4,8,8,111803,20180105,600,0),(11,0,5,9,5,114852,20180106,1000,0),(12,0,5,9,6,114852,20180106,1000,0),(13,0,5,9,7,114852,20180106,1000,0),(14,0,5,9,8,114852,20180106,1000,0),(15,0,5,9,5,0,20180205,2800,0),(16,0,3,1,5,131829,20180206,300,1),(17,0,3,3,5,131829,20180206,300,1),(18,0,3,7,5,131829,20180206,300,1),(19,0,3,11,5,131829,20180206,300,1),(34,0,3,1,5,201558,20180206,225,1),(35,0,3,3,5,201558,20180206,225,1),(36,0,3,7,5,201558,20180206,225,1),(37,0,4,8,5,0,20180201,1800,0),(38,0,6,11,5,0,20180122,750,0),(39,0,7,11,5,0,20180122,500,0),(40,0,6,11,5,0,20180205,450,0);

/*Table structure for table `gastos_conceptos` */

DROP TABLE IF EXISTS `gastos_conceptos`;

CREATE TABLE `gastos_conceptos` (
  `id` bigint(20) NOT NULL AUTO_INCREMENT,
  `nombre` text NOT NULL,
  `baja` tinyint(1) NOT NULL DEFAULT '0',
  PRIMARY KEY (`id`)
) ENGINE=InnoDB AUTO_INCREMENT=8 DEFAULT CHARSET=latin1;

/*Data for the table `gastos_conceptos` */

insert  into `gastos_conceptos`(`id`,`nombre`,`baja`) values (1,'SALARIOS',0),(2,'CELULAR',0),(3,'PAPELERIA',0),(4,'PERIFONEO',0),(5,'PERIODICO',0),(6,'IMPRESION VOLANTES',0),(7,'REPARTIR VOLANTES',0);

/*Table structure for table `logs` */

DROP TABLE IF EXISTS `logs`;

CREATE TABLE `logs` (
  `id` bigint(20) NOT NULL AUTO_INCREMENT,
  `id_usuario` bigint(20) DEFAULT NULL,
  `proceso` text,
  `abc` char(1) DEFAULT NULL,
  `fecha` text,
  PRIMARY KEY (`id`)
) ENGINE=InnoDB DEFAULT CHARSET=latin1;

/*Data for the table `logs` */

/*Table structure for table `medios` */

DROP TABLE IF EXISTS `medios`;

CREATE TABLE `medios` (
  `id` bigint(20) NOT NULL AUTO_INCREMENT,
  `nombre` text NOT NULL,
  `baja` char(1) DEFAULT '0',
  PRIMARY KEY (`id`)
) ENGINE=InnoDB AUTO_INCREMENT=15 DEFAULT CHARSET=latin1;

/*Data for the table `medios` */

insert  into `medios`(`id`,`nombre`,`baja`) values (1,'CAMBACEO','0'),(2,'CARPA','0'),(3,'CARTULINA EN TIENDA','0'),(4,'CENTRO DE RECLUTAMIENTO','0'),(5,'COMPUTRABAJO','1'),(6,'FACEBOOK','0'),(7,'FERIA LABORAL','0'),(8,'PERIFONEO','0'),(9,'PERIODICO','0'),(10,'REFERIDO','0'),(11,'VOLANTE','0'),(12,'WHATSAPP','0'),(13,'OTRO','0'),(14,'COMPUTRABAJO','0');

/*Table structure for table `metas_kpi` */

DROP TABLE IF EXISTS `metas_kpi`;

CREATE TABLE `metas_kpi` (
  `id` bigint(20) NOT NULL AUTO_INCREMENT,
  `id_meta` bigint(20) NOT NULL,
  `descripcion` text NOT NULL,
  `valor` double NOT NULL,
  `fecha_inicio` bigint(20) NOT NULL,
  `baja` tinyint(1) NOT NULL DEFAULT '0',
  PRIMARY KEY (`id`)
) ENGINE=InnoDB AUTO_INCREMENT=7 DEFAULT CHARSET=latin1;

/*Data for the table `metas_kpi` */

insert  into `metas_kpi`(`id`,`id_meta`,`descripcion`,`valor`,`fecha_inicio`,`baja`) values (1,1,'Solicitudes por vacante',4,20180115,0),(2,1,'Solicitudes por vacante',3,20180210,0),(3,2,'Tiempo en cubrir vacante',15,20180101,0),(4,1,'Solicitudes por vacante',5,20180115,1),(5,3,'Porcentaje vacantes cerradas',40,20180101,0),(6,3,'Porcentaje vacantes cerradas',55,20180201,0);

/*Table structure for table `panel` */

DROP TABLE IF EXISTS `panel`;

CREATE TABLE `panel` (
  `Company` text,
  `Allow_rechazados` tinyint(1) DEFAULT NULL,
  `Allow_cerrarvacante` tinyint(1) DEFAULT NULL
) ENGINE=InnoDB DEFAULT CHARSET=latin1;

/*Data for the table `panel` */

/*Table structure for table `razones_rechazo` */

DROP TABLE IF EXISTS `razones_rechazo`;

CREATE TABLE `razones_rechazo` (
  `id` bigint(20) NOT NULL AUTO_INCREMENT,
  `nombre` text,
  `baja` char(1) DEFAULT '0',
  PRIMARY KEY (`id`)
) ENGINE=InnoDB AUTO_INCREMENT=7 DEFAULT CHARSET=latin1;

/*Data for the table `razones_rechazo` */

insert  into `razones_rechazo`(`id`,`nombre`,`baja`) values (1,'NO ASISTIO A PROCESO','0'),(2,'NO REUNE REQUISITOS','0'),(3,'MALAS REFERENCIAS','0'),(4,'NO ACEPTO SUELDO','0'),(5,'OTRO','0'),(6,'VACANTE CERRADA','0');

/*Table structure for table `temp` */

DROP TABLE IF EXISTS `temp`;

CREATE TABLE `temp` (
  `id_candidato` bigint(20) DEFAULT NULL,
  `cp` bigint(20) DEFAULT NULL
) ENGINE=InnoDB DEFAULT CHARSET=latin1;

/*Data for the table `temp` */

insert  into `temp`(`id_candidato`,`cp`) values (514,37664),(515,37580),(516,37560),(517,37179),(518,37199),(519,37134),(520,37280),(521,37434),(522,37294),(523,37419),(524,37000),(525,37415),(526,37426),(527,37555),(528,37668),(529,37355),(530,37178),(531,37208),(532,37425),(533,37160),(534,37010),(535,37020),(536,37399),(537,37459),(538,37189),(539,37683),(540,37544),(541,37420),(542,37444),(543,37109),(544,37129),(545,37560),(546,37360),(547,37297),(548,37330),(549,37478),(550,37100),(551,37408),(552,37138),(553,37690),(554,37426),(555,37536),(556,37666),(557,37570),(558,37357),(559,37298),(560,37109),(561,37179),(562,37350),(563,37319),(564,37480),(565,37369),(566,37407),(567,37468),(568,37128),(569,37366),(570,37368),(571,37677),(572,37357),(573,37298),(574,37125),(575,37675),(576,37105),(577,37236),(578,37188),(579,37147),(580,37316),(581,37178),(582,37684),(583,37470),(584,37109),(585,37407),(586,37669),(587,37180),(588,37297),(589,37480),(590,37219),(591,37479),(592,37430),(593,37418),(594,37108),(595,37359),(596,37249),(597,37128),(598,37408),(599,37430),(600,37669),(601,37669),(602,37479),(603,37654),(604,37655),(605,37209),(606,37500),(607,37250),(608,37536),(609,37539),(610,37235),(611,37119),(612,37010),(613,37179),(614,37690),(615,37230),(616,37109),(617,37227),(618,37665),(619,37478),(620,37426),(621,37000),(622,37107),(623,37288),(624,37330),(625,37225),(626,37119),(627,37199),(628,37360),(629,37209),(630,37580),(631,37666),(632,37655),(633,37278),(634,37200),(635,37357),(636,37107),(637,37106),(638,37544),(639,37358),(640,37530),(641,37276),(642,37134),(643,37269),(644,37235),(645,37555),(646,37549),(647,37120),(648,37668),(649,37296),(650,37655),(651,37684),(652,37353),(653,37156),(654,37430),(655,37270),(656,37360),(657,37570),(658,37369),(659,37408),(660,37650),(661,37457),(662,37147),(663,37580),(664,37360),(665,37680),(666,37418),(667,37289),(668,37128),(669,37219),(670,37269),(671,37118),(672,37440),(673,37260),(674,37566),(675,37204),(676,37457),(677,37125),(678,37119),(679,37257),(680,37355),(681,37669),(682,37548),(683,37289),(684,37530),(685,37690),(686,37448),(687,37120),(688,37590),(689,37697),(690,37170),(691,37267),(692,37318),(693,37410),(694,37134),(695,37444),(696,37353),(697,37687),(698,37010),(699,37536),(700,37217),(701,37479),(702,37654),(703,37419),(704,37407),(705,37697),(706,37418),(707,37440),(708,37179),(709,37570),(710,37140),(711,37684),(712,37210),(713,37299),(714,37310),(715,37550),(716,37459),(717,37539),(718,37129),(719,37180),(720,37236),(721,37297),(722,37487),(723,37434),(724,37673),(725,37250),(726,37250),(727,37318),(728,37279),(729,37520),(730,37414),(731,37458),(732,37538),(733,37439),(734,37110),(735,37550),(736,37299),(737,37456),(738,37316),(739,37460),(740,37669),(741,37688),(742,37288),(743,37526),(744,37444),(745,37279),(746,37156),(747,37570),(748,37156),(749,37315),(750,37218),(751,37460),(752,37239),(753,37566),(754,37290),(755,37355),(756,37020),(757,37358),(758,37564),(759,37118),(760,37270),(761,37590),(762,37358),(763,37179),(764,37250),(765,37147),(766,37350),(767,37268),(768,37417),(769,37178),(770,37310),(771,37188),(772,37225),(773,37357),(774,37456),(775,37020),(776,37350),(777,37400),(778,37240),(779,37545),(780,37477),(781,37430),(782,37179),(783,37110),(784,37444),(1024,37289);

/*Table structure for table `users` */

DROP TABLE IF EXISTS `users`;

CREATE TABLE `users` (
  `id` bigint(20) NOT NULL AUTO_INCREMENT COMMENT 'id',
  `user` tinytext NOT NULL COMMENT 'username',
  `pass` text COMMENT 'password',
  `level` tinytext NOT NULL COMMENT 'nivel de seguridad',
  `nombre` tinytext COMMENT 'nombre del usuario',
  `baja` char(1) DEFAULT '0',
  `reset` char(1) NOT NULL DEFAULT '0',
  PRIMARY KEY (`id`)
) ENGINE=InnoDB AUTO_INCREMENT=10 DEFAULT CHARSET=latin1;

/*Data for the table `users` */

insert  into `users`(`id`,`user`,`pass`,`level`,`nombre`,`baja`,`reset`) values (1,'super','bc631fce726e8454e19a453c2b922560f0f29ae2','supervisor','DEMO-SUPERVISOR','0','0'),(4,'luis','e120595439e1f1094f7dd5609dcbb555bf7f6858','reclutador','LUIS RECLUTADOR','0','0'),(5,'reclut','bc631fce726e8454e19a453c2b922560f0f29ae2','reclutador','DEMO RECLUTADOR','0','0'),(6,'gaby','e120595439e1f1094f7dd5609dcbb555bf7f6858','reclutador','GABY RECLUTADOR','1','0'),(8,'paty','e120595439e1f1094f7dd5609dcbb555bf7f6858','reclutador','PATY RECLUTADOR','1','0'),(9,'s','e120595439e1f1094f7dd5609dcbb555bf7f6858','supervisor','SUPERVISOR','0','0');

/*Table structure for table `vacantes` */

DROP TABLE IF EXISTS `vacantes`;

CREATE TABLE `vacantes` (
  `id` bigint(20) NOT NULL AUTO_INCREMENT,
  `id_cliente` bigint(20) NOT NULL COMMENT 'id-cliente',
  `id_nombre_vacante` bigint(20) NOT NULL COMMENT 'id_nombre de la vacante',
  `fecha` bigint(20) NOT NULL COMMENT 'fecha como numero yyyymmdd',
  `id_status` int(11) NOT NULL COMMENT 'status de la vacante',
  `id_usuario` bigint(20) DEFAULT NULL COMMENT 'usuario asignado',
  `baja` char(1) DEFAULT '0',
  PRIMARY KEY (`id`)
) ENGINE=InnoDB AUTO_INCREMENT=349 DEFAULT CHARSET=latin1;

/*Data for the table `vacantes` */

insert  into `vacantes`(`id`,`id_cliente`,`id_nombre_vacante`,`fecha`,`id_status`,`id_usuario`,`baja`) values (257,164,1,20180122,2,5,'0'),(258,164,1,20180116,2,5,'0'),(259,132,1,20180122,2,4,'1'),(260,132,1,20180115,1,4,'0'),(261,199,1,20180122,2,8,'0'),(262,171,1,20180127,2,5,'0'),(263,171,1,20180119,1,5,'0'),(264,178,1,20180221,1,6,'0'),(265,178,1,20180130,2,6,'0'),(266,158,1,20180223,1,5,'0'),(267,158,1,20180220,2,5,'0'),(268,147,1,20180114,1,8,'0'),(269,138,1,20180130,1,6,'0'),(270,181,1,20180215,2,5,'0'),(271,162,1,20180112,2,5,'0'),(272,141,1,20180202,1,4,'0'),(273,141,1,20180118,1,4,'0'),(274,156,1,20180219,1,4,'0'),(275,194,1,20180129,2,8,'0'),(276,142,1,20180220,1,8,'0'),(277,176,1,20180128,2,6,'0'),(278,173,1,20180126,2,5,'0'),(279,131,1,20180105,1,4,'0'),(280,131,1,20180111,2,4,'0'),(281,145,1,20180122,2,6,'0'),(282,130,1,20180108,1,6,'1'),(283,130,1,20180120,1,6,'0'),(284,143,1,20180128,2,5,'0'),(285,143,1,20180118,2,5,'0'),(286,143,1,20180116,2,5,'0'),(287,143,1,20180116,2,5,'0'),(288,168,1,20180116,1,6,'0'),(289,168,1,20180118,1,6,'0'),(290,168,1,20180120,1,6,'0'),(291,135,1,20180116,1,4,'0'),(292,135,1,20180122,2,4,'0'),(293,200,1,20180123,1,8,'0'),(294,177,1,20180131,1,5,'0'),(295,153,1,20180122,1,8,'0'),(296,153,1,20180124,1,8,'0'),(297,153,1,20180117,1,8,'0'),(298,153,1,20180207,1,8,'0'),(299,153,1,20180120,1,8,'0'),(300,153,1,20180128,1,8,'0'),(301,159,1,20180212,1,5,'0'),(302,159,1,20180120,2,5,'0'),(303,159,1,20180110,2,5,'0'),(304,186,1,20180206,1,8,'0'),(305,186,1,20180116,1,8,'0'),(306,157,1,20180223,1,4,'0'),(307,184,1,20180218,1,5,'0'),(308,137,1,20180218,1,8,'0'),(309,137,1,20180217,1,8,'0'),(310,137,1,20180129,1,8,'0'),(311,182,1,20180114,2,8,'0'),(312,182,1,20180108,2,8,'0'),(313,203,1,20180217,1,8,'0'),(314,167,1,20180205,1,5,'0'),(315,167,1,20180203,2,5,'0'),(316,148,1,20180201,1,4,'0'),(317,197,1,20180118,1,8,'0'),(318,196,1,20180115,1,8,'0'),(319,160,1,20180122,2,6,'0'),(320,160,1,20180123,1,6,'0'),(321,160,1,20180123,1,6,'0'),(322,160,1,20180121,1,6,'0'),(323,163,1,20180114,2,5,'0'),(324,163,1,20180112,1,5,'0'),(325,165,1,20180225,2,8,'0'),(326,165,1,20180111,1,8,'0'),(327,174,1,20180129,1,5,'0'),(328,139,1,20180118,2,8,'0'),(329,139,1,20180119,2,8,'0'),(330,139,1,20180108,1,8,'0'),(331,139,1,20180118,2,8,'0'),(332,139,1,20180119,2,8,'1'),(333,134,1,20180124,1,4,'0'),(334,134,1,20180206,1,4,'0'),(335,134,1,20180113,2,4,'0'),(336,134,1,20180122,1,4,'0'),(337,134,1,20180121,1,4,'0'),(338,161,1,20180113,2,5,'0'),(339,161,1,20180115,2,5,'0'),(340,179,1,20180206,1,5,'1'),(341,175,1,20180130,1,5,'0'),(342,169,1,20180112,1,5,'0'),(343,170,1,20180207,1,8,'0'),(344,170,1,20180213,1,8,'0'),(345,201,1,20180123,1,8,'0'),(346,152,1,20180214,1,6,'0'),(347,152,1,20180111,2,6,'0'),(348,132,3,20180206,2,5,'1');

/*Table structure for table `vacantes_following` */

DROP TABLE IF EXISTS `vacantes_following`;

CREATE TABLE `vacantes_following` (
  `id` bigint(20) NOT NULL AUTO_INCREMENT COMMENT 'id',
  `id_candidato` bigint(20) NOT NULL,
  `id_vacante` bigint(20) NOT NULL COMMENT 'vacante',
  `id_proceso` bigint(20) NOT NULL COMMENT 'proceso',
  `fecha` bigint(20) NOT NULL COMMENT 'fecha yyyymmmdd',
  `comentarios` text,
  `id_razon_rechazo` int(11) DEFAULT '0',
  `cambio_vacante` tinyint(1) DEFAULT '0' COMMENT '0 no cambio, 1 se cambio de vacante',
  PRIMARY KEY (`id`)
) ENGINE=InnoDB AUTO_INCREMENT=3213 DEFAULT CHARSET=latin1;

/*Data for the table `vacantes_following` */

insert  into `vacantes_following`(`id`,`id_candidato`,`id_vacante`,`id_proceso`,`fecha`,`comentarios`,`id_razon_rechazo`,`cambio_vacante`) values (2611,651,258,1,20180116,NULL,NULL,0),(2612,617,258,1,20180117,NULL,NULL,1),(2613,587,258,1,20180118,NULL,NULL,1),(2614,684,258,1,20180119,NULL,NULL,1),(2615,674,258,1,20180121,NULL,NULL,0),(2616,744,259,1,20180126,NULL,NULL,1),(2617,700,259,1,20180123,NULL,NULL,1),(2618,593,261,1,20180122,NULL,NULL,0),(2619,693,261,1,20180125,NULL,NULL,0),(2620,558,261,1,20180125,NULL,NULL,0),(2621,727,262,1,20180130,NULL,NULL,1),(2622,530,262,1,20180128,NULL,NULL,1),(2623,701,262,1,20180127,NULL,NULL,0),(2624,576,262,1,20180201,NULL,NULL,0),(2625,688,262,1,20180201,NULL,NULL,0),(2626,774,262,1,20180127,NULL,NULL,1),(2627,732,262,1,20180127,NULL,NULL,0),(2628,661,264,1,20180221,NULL,NULL,0),(2629,582,264,1,20180224,NULL,NULL,0),(2630,717,265,1,20180205,NULL,NULL,0),(2631,722,265,1,20180130,NULL,NULL,0),(2632,750,265,1,20180202,NULL,NULL,0),(2633,679,265,1,20180131,NULL,NULL,0),(2634,556,265,1,20180205,NULL,NULL,0),(2635,535,266,1,20180226,NULL,NULL,0),(2636,716,266,1,20180224,NULL,NULL,0),(2637,514,266,1,20180224,NULL,NULL,0),(2638,551,266,1,20180224,NULL,NULL,0),(2639,680,266,1,20180225,NULL,NULL,1),(2640,592,267,1,20180226,NULL,NULL,1),(2641,682,267,1,20180224,NULL,NULL,1),(2642,660,269,1,20180203,NULL,NULL,0),(2643,516,269,1,20180131,NULL,NULL,0),(2644,613,269,1,20180130,NULL,NULL,0),(2645,743,270,1,20180220,NULL,NULL,0),(2646,580,270,1,20180218,NULL,NULL,0),(2647,541,270,1,20180216,NULL,NULL,0),(2648,552,271,1,20180117,NULL,NULL,0),(2649,749,271,1,20180114,NULL,NULL,0),(2650,659,271,1,20180115,NULL,NULL,0),(2651,666,271,1,20180116,NULL,NULL,0),(2652,550,271,1,20180114,NULL,NULL,0),(2653,763,272,1,20180206,NULL,NULL,0),(2654,665,272,1,20180206,NULL,NULL,0),(2655,631,272,1,20180205,NULL,NULL,0),(2656,632,272,1,20180204,NULL,NULL,0),(2657,572,274,1,20180223,NULL,NULL,0),(2658,779,274,1,20180221,NULL,NULL,0),(2659,670,274,1,20180220,NULL,NULL,0),(2660,704,275,1,20180129,NULL,NULL,0),(2661,542,275,1,20180203,NULL,NULL,0),(2662,737,275,1,20180205,NULL,NULL,0),(2663,768,276,1,20180222,NULL,NULL,0),(2664,662,277,1,20180128,NULL,NULL,0),(2665,588,277,1,20180130,NULL,NULL,0),(2666,766,278,1,20180130,NULL,NULL,0),(2667,675,279,1,20180110,NULL,NULL,0),(2668,621,280,1,20180114,NULL,NULL,0),(2669,748,280,1,20180111,NULL,NULL,0),(2670,646,280,1,20180116,NULL,NULL,0),(2671,544,280,1,20180116,NULL,NULL,0),(2672,706,280,1,20180113,NULL,NULL,0),(2673,607,280,1,20180113,NULL,NULL,0),(2674,764,280,1,20180114,NULL,NULL,0),(2675,562,281,1,20180126,NULL,NULL,0),(2676,657,281,1,20180124,NULL,NULL,0),(2677,724,281,1,20180125,NULL,NULL,0),(2678,709,282,1,20180110,NULL,NULL,1),(2679,745,283,1,20180121,NULL,NULL,0),(2680,622,283,1,20180121,NULL,NULL,0),(2681,643,283,1,20180124,NULL,NULL,0),(2682,563,283,1,20180121,NULL,NULL,0),(2683,678,283,1,20180122,NULL,NULL,0),(2684,589,283,1,20180122,NULL,NULL,0),(2685,782,283,1,20180121,NULL,NULL,0),(2686,633,284,1,20180129,NULL,NULL,0),(2687,762,284,1,20180130,NULL,NULL,1),(2688,554,285,1,20180123,NULL,NULL,1),(2689,600,285,1,20180120,NULL,NULL,1),(2690,671,285,1,20180123,NULL,NULL,0),(2691,553,286,1,20180118,NULL,NULL,0),(2692,539,286,1,20180118,NULL,NULL,0),(2693,561,286,1,20180123,NULL,NULL,0),(2694,585,286,1,20180121,NULL,NULL,0),(2695,581,286,1,20180116,NULL,NULL,0),(2696,672,287,1,20180118,NULL,NULL,0),(2697,547,287,1,20180122,NULL,NULL,0),(2698,695,288,1,20180117,NULL,NULL,0),(2699,664,288,1,20180117,NULL,NULL,0),(2700,637,288,1,20180117,NULL,NULL,0),(2701,638,288,1,20180117,NULL,NULL,0),(2702,567,290,1,20180123,NULL,NULL,0),(2703,760,290,1,20180123,NULL,NULL,0),(2704,598,291,1,20180116,NULL,NULL,0),(2705,721,291,1,20180117,NULL,NULL,0),(2706,523,292,1,20180122,NULL,NULL,1),(2707,754,292,1,20180124,NULL,NULL,1),(2708,605,292,1,20180122,NULL,NULL,0),(2709,566,292,1,20180127,NULL,NULL,0),(2710,690,292,1,20180127,NULL,NULL,1),(2711,654,292,1,20180123,NULL,NULL,1),(2712,597,293,1,20180124,NULL,NULL,0),(2713,781,293,1,20180125,NULL,NULL,0),(2714,586,293,1,20180125,NULL,NULL,0),(2715,685,293,1,20180125,NULL,NULL,0),(2716,741,293,1,20180123,NULL,NULL,0),(2717,532,294,1,20180203,NULL,NULL,1),(2718,642,294,1,20180205,NULL,NULL,0),(2719,663,294,1,20180204,NULL,NULL,0),(2720,655,295,1,20180127,NULL,NULL,0),(2721,644,295,1,20180125,NULL,NULL,0),(2722,522,295,1,20180126,NULL,NULL,0),(2723,738,296,1,20180124,NULL,NULL,0),(2724,714,296,1,20180127,NULL,NULL,0),(2725,629,296,1,20180125,NULL,NULL,0),(2726,736,297,1,20180117,NULL,NULL,0),(2727,546,297,1,20180120,NULL,NULL,0),(2728,734,298,1,20180207,NULL,NULL,0),(2729,776,298,1,20180207,NULL,NULL,0),(2730,733,298,1,20180209,NULL,NULL,0),(2731,591,298,1,20180209,NULL,NULL,0),(2732,578,298,1,20180210,NULL,NULL,0),(2733,765,298,1,20180214,NULL,NULL,0),(2734,564,298,1,20180208,NULL,NULL,0),(2735,729,299,1,20180120,NULL,NULL,0),(2736,623,299,1,20180120,NULL,NULL,0),(2737,692,299,1,20180121,NULL,NULL,0),(2738,767,300,1,20180128,NULL,NULL,0),(2739,756,300,1,20180128,NULL,NULL,0),(2740,603,301,1,20180214,NULL,NULL,0),(2741,533,301,1,20180214,NULL,NULL,0),(2742,560,301,1,20180215,NULL,NULL,1),(2743,538,301,1,20180213,NULL,NULL,0),(2744,636,302,1,20180124,NULL,NULL,0),(2745,719,302,1,20180120,NULL,NULL,0),(2746,602,302,1,20180123,NULL,NULL,0),(2747,575,303,1,20180114,NULL,NULL,0),(2748,606,303,1,20180120,NULL,NULL,0),(2749,610,303,1,20180111,NULL,NULL,0),(2750,769,304,1,20180209,NULL,NULL,0),(2751,650,304,1,20180206,NULL,NULL,0),(2752,730,304,1,20180209,NULL,NULL,0),(2753,529,304,1,20180215,NULL,NULL,0),(2754,784,305,1,20180119,NULL,NULL,0),(2755,705,306,1,20180226,NULL,NULL,0),(2756,555,306,1,20180228,NULL,NULL,0),(2757,775,306,1,20180224,NULL,NULL,0),(2758,777,307,1,20180219,NULL,NULL,0),(2759,517,307,1,20180220,NULL,NULL,0),(2760,624,307,1,20180220,NULL,NULL,0),(2761,710,307,1,20180218,NULL,NULL,0),(2762,647,307,1,20180223,NULL,NULL,0),(2763,545,308,1,20180223,NULL,NULL,0),(2764,534,308,1,20180220,NULL,NULL,0),(2765,583,309,1,20180228,NULL,NULL,0),(2766,619,309,1,20180219,NULL,NULL,0),(2767,557,309,1,20180217,NULL,NULL,0),(2768,681,310,1,20180203,NULL,NULL,0),(2769,771,311,1,20180115,NULL,NULL,0),(2770,625,311,1,20180118,NULL,NULL,0),(2771,758,311,1,20180116,NULL,NULL,0),(2772,627,312,1,20180111,NULL,NULL,0),(2773,571,312,1,20180112,NULL,NULL,0),(2774,618,312,1,20180109,NULL,NULL,0),(2775,780,312,1,20180110,NULL,NULL,0),(2776,537,313,1,20180223,NULL,NULL,0),(2777,612,313,1,20180218,NULL,NULL,0),(2778,739,313,1,20180219,NULL,NULL,0),(2779,565,314,1,20180211,NULL,NULL,0),(2780,691,314,1,20180207,NULL,NULL,0),(2781,519,315,1,20180204,NULL,NULL,0),(2782,778,315,1,20180203,NULL,NULL,0),(2783,640,315,1,20180208,NULL,NULL,0),(2784,699,315,1,20180207,NULL,NULL,0),(2785,601,316,1,20180202,NULL,NULL,0),(2786,677,316,1,20180208,NULL,NULL,0),(2787,527,317,1,20180120,NULL,NULL,0),(2788,753,317,1,20180121,NULL,NULL,0),(2789,630,317,1,20180119,NULL,NULL,0),(2790,720,317,1,20180124,NULL,NULL,0),(2791,549,317,1,20180120,NULL,NULL,0),(2792,590,318,1,20180117,NULL,NULL,0),(2793,536,318,1,20180115,NULL,NULL,0),(2794,548,318,1,20180116,NULL,NULL,0),(2795,595,319,1,20180122,NULL,NULL,0),(2796,728,319,1,20180127,NULL,NULL,0),(2797,707,320,1,20180125,NULL,NULL,0),(2798,641,320,1,20180126,NULL,NULL,0),(2799,694,321,1,20180124,NULL,NULL,0),(2800,628,321,1,20180124,NULL,NULL,0),(2801,518,322,1,20180122,NULL,NULL,0),(2802,577,322,1,20180125,NULL,NULL,0),(2803,689,323,1,20180119,NULL,NULL,0),(2804,718,323,1,20180115,NULL,NULL,0),(2805,702,323,1,20180116,NULL,NULL,0),(2806,752,323,1,20180117,NULL,NULL,0),(2807,616,323,1,20180117,NULL,NULL,0),(2808,658,324,1,20180113,NULL,NULL,0),(2809,652,324,1,20180113,NULL,NULL,0),(2810,594,324,1,20180112,NULL,NULL,0),(2811,559,325,1,20180227,NULL,NULL,0),(2812,761,325,1,20180220,NULL,NULL,0),(2813,579,325,1,20180228,NULL,NULL,0),(2814,715,325,1,20180304,NULL,NULL,0),(2815,524,325,1,20180227,NULL,NULL,0),(2816,626,326,1,20180111,NULL,NULL,0),(2817,531,326,1,20180112,NULL,NULL,0),(2818,726,327,1,20180131,NULL,NULL,0),(2819,783,327,1,20180131,NULL,NULL,0),(2820,526,327,1,20180131,NULL,NULL,0),(2821,773,327,1,20180201,NULL,NULL,0),(2822,614,327,1,20180131,NULL,NULL,0),(2823,667,328,1,20180121,NULL,NULL,1),(2824,656,328,1,20180121,NULL,NULL,1),(2825,569,328,1,20180120,NULL,NULL,0),(2826,668,328,1,20180120,NULL,NULL,1),(2827,596,329,1,20180123,NULL,NULL,0),(2828,669,329,1,20180120,NULL,NULL,1),(2829,608,329,1,20180121,NULL,NULL,0),(2830,528,329,1,20180119,NULL,NULL,0),(2831,615,330,1,20180112,NULL,NULL,0),(2832,770,331,1,20180124,NULL,NULL,0),(2833,635,332,1,20180119,NULL,NULL,0),(2834,543,333,1,20180127,NULL,NULL,0),(2835,772,333,1,20180126,NULL,NULL,0),(2836,639,333,1,20180126,NULL,NULL,0),(2837,713,333,1,20180127,NULL,NULL,0),(2838,521,334,1,20180209,NULL,NULL,0),(2839,698,334,1,20180210,NULL,NULL,0),(2840,584,334,1,20180208,NULL,NULL,0),(2841,746,334,1,20180214,NULL,NULL,0),(2842,708,335,1,20180114,NULL,NULL,0),(2843,573,335,1,20180115,NULL,NULL,0),(2844,759,335,1,20180116,NULL,NULL,0),(2845,742,335,1,20180115,NULL,NULL,0),(2846,697,335,1,20180115,NULL,NULL,0),(2847,648,335,1,20180114,NULL,NULL,0),(2848,703,337,1,20180127,NULL,NULL,0),(2849,634,337,1,20180124,NULL,NULL,0),(2850,740,338,1,20180116,NULL,NULL,0),(2851,525,338,1,20180117,NULL,NULL,0),(2852,723,339,1,20180115,NULL,NULL,0),(2853,751,339,1,20180117,NULL,NULL,0),(2854,711,339,1,20180118,NULL,NULL,0),(2855,570,339,1,20180115,NULL,NULL,0),(2856,599,340,1,20180208,NULL,NULL,0),(2857,735,340,1,20180208,NULL,NULL,0),(2858,686,340,1,20180209,NULL,NULL,0),(2859,725,340,1,20180207,NULL,NULL,0),(2860,609,340,1,20180208,NULL,NULL,0),(2861,731,340,1,20180207,NULL,NULL,0),(2862,568,341,1,20180201,NULL,NULL,0),(2863,696,342,1,20180113,NULL,NULL,0),(2864,620,342,1,20180116,NULL,NULL,0),(2865,712,343,1,20180211,NULL,NULL,0),(2866,687,343,1,20180207,NULL,NULL,0),(2867,611,343,1,20180208,NULL,NULL,0),(2868,604,343,1,20180208,NULL,NULL,0),(2869,649,344,1,20180217,NULL,NULL,0),(2870,653,345,1,20180123,NULL,NULL,0),(2871,645,345,1,20180123,NULL,NULL,0),(2872,574,345,1,20180125,NULL,NULL,0),(2873,683,346,1,20180218,NULL,NULL,0),(2874,673,347,1,20180114,NULL,NULL,0),(2875,520,347,1,20180116,NULL,NULL,0),(2876,747,347,1,20180116,NULL,NULL,0),(2877,757,347,1,20180111,NULL,NULL,0),(2878,540,347,1,20180111,NULL,NULL,0),(2879,700,259,2,20180125,NULL,NULL,1),(2880,593,261,2,20180124,NULL,NULL,0),(2881,558,261,2,20180128,NULL,NULL,0),(2882,530,262,2,20180129,NULL,NULL,1),(2883,576,262,2,20180204,NULL,NULL,0),(2884,688,262,2,20180201,NULL,NULL,0),(2885,661,264,2,20180223,NULL,NULL,0),(2886,582,264,2,20180227,NULL,NULL,0),(2887,722,265,2,20180201,NULL,NULL,0),(2888,750,265,2,20180204,NULL,NULL,0),(2889,535,266,2,20180301,NULL,NULL,0),(2890,716,266,2,20180224,NULL,NULL,0),(2891,660,269,2,20180207,NULL,NULL,0),(2892,659,271,2,20180116,NULL,NULL,0),(2893,666,271,2,20180119,NULL,NULL,0),(2894,550,271,2,20180115,NULL,NULL,0),(2895,631,272,2,20180207,NULL,NULL,0),(2896,632,272,2,20180206,NULL,NULL,0),(2897,572,274,2,20180225,NULL,NULL,0),(2898,542,275,2,20180206,NULL,NULL,0),(2899,737,275,2,20180207,NULL,NULL,0),(2900,768,276,2,20180224,NULL,NULL,0),(2901,662,277,2,20180201,NULL,NULL,0),(2902,766,278,2,20180131,NULL,NULL,0),(2903,675,279,2,20180112,NULL,NULL,0),(2904,621,280,2,20180116,NULL,NULL,0),(2905,706,280,2,20180116,NULL,NULL,0),(2906,607,280,2,20180116,NULL,NULL,0),(2907,764,280,2,20180116,NULL,NULL,0),(2908,657,281,2,20180127,NULL,NULL,0),(2909,563,283,2,20180123,NULL,NULL,0),(2910,539,286,2,20180120,NULL,NULL,0),(2911,561,286,2,20180124,NULL,NULL,0),(2912,672,287,2,20180119,NULL,NULL,0),(2913,547,287,2,20180125,NULL,NULL,0),(2914,567,290,2,20180125,NULL,NULL,0),(2915,760,290,2,20180126,NULL,NULL,0),(2916,598,291,2,20180120,NULL,NULL,0),(2917,754,292,2,20180127,NULL,NULL,1),(2918,605,292,2,20180125,NULL,NULL,0),(2919,566,292,2,20180130,NULL,NULL,0),(2920,654,292,2,20180124,NULL,NULL,1),(2921,597,293,2,20180127,NULL,NULL,0),(2922,586,293,2,20180127,NULL,NULL,0),(2923,741,293,2,20180125,NULL,NULL,0),(2924,532,294,2,20180205,NULL,NULL,1),(2925,642,294,2,20180206,NULL,NULL,0),(2926,714,296,2,20180131,NULL,NULL,0),(2927,776,298,2,20180208,NULL,NULL,0),(2928,767,300,2,20180130,NULL,NULL,0),(2929,756,300,2,20180201,NULL,NULL,0),(2930,603,301,2,20180215,NULL,NULL,0),(2931,560,301,2,20180218,NULL,NULL,1),(2932,636,302,2,20180127,NULL,NULL,0),(2933,602,302,2,20180126,NULL,NULL,0),(2934,575,303,2,20180115,NULL,NULL,0),(2935,606,303,2,20180121,NULL,NULL,0),(2936,650,304,2,20180208,NULL,NULL,0),(2937,730,304,2,20180213,NULL,NULL,0),(2938,529,304,2,20180216,NULL,NULL,0),(2939,784,305,2,20180124,NULL,NULL,0),(2940,555,306,2,20180304,NULL,NULL,0),(2941,710,307,2,20180222,NULL,NULL,0),(2942,647,307,2,20180225,NULL,NULL,0),(2943,545,308,2,20180226,NULL,NULL,0),(2944,583,309,2,20180302,NULL,NULL,0),(2945,557,309,2,20180218,NULL,NULL,0),(2946,771,311,2,20180118,NULL,NULL,0),(2947,627,312,2,20180114,NULL,NULL,0),(2948,618,312,2,20180113,NULL,NULL,0),(2949,780,312,2,20180113,NULL,NULL,0),(2950,537,313,2,20180224,NULL,NULL,0),(2951,565,314,2,20180214,NULL,NULL,0),(2952,640,315,2,20180210,NULL,NULL,0),(2953,601,316,2,20180205,NULL,NULL,0),(2954,753,317,2,20180124,NULL,NULL,0),(2955,549,317,2,20180123,NULL,NULL,0),(2956,595,319,2,20180125,NULL,NULL,0),(2957,728,319,2,20180129,NULL,NULL,0),(2958,707,320,2,20180127,NULL,NULL,0),(2959,689,323,2,20180123,NULL,NULL,0),(2960,718,323,2,20180117,NULL,NULL,0),(2961,594,324,2,20180113,NULL,NULL,0),(2962,559,325,2,20180302,NULL,NULL,0),(2963,761,325,2,20180221,NULL,NULL,0),(2964,579,325,2,20180303,NULL,NULL,0),(2965,715,325,2,20180306,NULL,NULL,0),(2966,526,327,2,20180201,NULL,NULL,0),(2967,773,327,2,20180204,NULL,NULL,0),(2968,569,328,2,20180124,NULL,NULL,0),(2969,596,329,2,20180126,NULL,NULL,0),(2970,669,329,2,20180123,NULL,NULL,1),(2971,528,329,2,20180121,NULL,NULL,0),(2972,770,331,2,20180126,NULL,NULL,0),(2973,635,332,2,20180123,NULL,NULL,0),(2974,772,333,2,20180128,NULL,NULL,0),(2975,521,334,2,20180212,NULL,NULL,0),(2976,698,334,2,20180212,NULL,NULL,0),(2977,573,335,2,20180118,NULL,NULL,0),(2978,740,338,2,20180119,NULL,NULL,0),(2979,723,339,2,20180119,NULL,NULL,0),(2980,751,339,2,20180118,NULL,NULL,0),(2981,599,340,2,20180210,NULL,NULL,0),(2982,735,340,2,20180210,NULL,NULL,0),(2983,686,340,2,20180211,NULL,NULL,0),(2984,731,340,2,20180210,NULL,NULL,0),(2985,604,343,2,20180211,NULL,NULL,0),(2986,574,345,2,20180126,NULL,NULL,0),(2987,683,346,2,20180222,NULL,NULL,0),(2988,757,347,2,20180114,NULL,NULL,0),(2989,558,261,3,20180131,NULL,NULL,0),(2990,576,262,3,20180207,NULL,NULL,0),(2991,750,265,3,20180205,NULL,NULL,0),(2992,737,275,3,20180209,NULL,NULL,0),(2993,662,277,3,20180204,NULL,NULL,0),(2994,766,278,3,20180202,NULL,NULL,0),(2995,621,280,3,20180120,NULL,NULL,0),(2997,657,281,3,20180130,NULL,NULL,0),(2998,561,286,3,20180124,NULL,NULL,0),(2999,566,292,3,20180201,NULL,NULL,0),(3000,636,302,3,20180129,NULL,NULL,0),(3001,606,303,3,20180126,NULL,NULL,0),(3002,529,304,3,20180219,NULL,NULL,0),(3003,545,308,3,20180228,NULL,NULL,0),(3004,771,311,3,20180121,NULL,NULL,0),(3005,627,312,3,20180117,NULL,NULL,0),(3007,640,315,3,20180212,NULL,NULL,0),(3008,595,319,3,20180128,NULL,NULL,0),(3009,689,323,3,20180125,NULL,NULL,0),(3010,761,325,3,20180222,NULL,NULL,0),(3012,596,329,3,20180128,NULL,NULL,0),(3014,573,335,3,20180122,NULL,NULL,0),(3015,751,339,3,20180123,NULL,NULL,0),(3016,683,346,3,20180225,NULL,NULL,0),(3017,757,347,3,20180115,NULL,NULL,0),(3018,558,261,4,20180202,NULL,NULL,0),(3019,576,262,4,20180208,NULL,NULL,0),(3020,750,265,4,20180210,NULL,NULL,0),(3021,737,275,4,20180210,NULL,NULL,0),(3022,662,277,4,20180205,NULL,NULL,0),(3023,766,278,4,20180202,NULL,NULL,0),(3024,621,280,4,20180123,NULL,NULL,0),(3025,706,280,5,20180120,NULL,2,0),(3026,657,281,4,20180201,NULL,NULL,0),(3027,561,286,4,20180126,NULL,NULL,0),(3028,566,292,4,20180202,NULL,NULL,0),(3029,636,302,4,20180129,NULL,NULL,0),(3030,606,303,4,20180126,NULL,NULL,0),(3031,529,304,6,20180224,NULL,NULL,0),(3032,545,308,6,20180303,NULL,NULL,0),(3033,771,311,4,20180122,NULL,NULL,0),(3034,627,312,4,20180119,NULL,NULL,0),(3036,640,315,4,20180213,NULL,NULL,0),(3037,595,319,4,20180128,NULL,NULL,0),(3038,689,323,4,20180127,NULL,NULL,0),(3039,761,325,4,20180222,NULL,NULL,0),(3040,715,325,5,20180310,NULL,3,0),(3041,596,329,4,20180130,NULL,NULL,0),(3042,669,329,5,20180128,NULL,1,1),(3043,573,335,4,20180123,NULL,NULL,0),(3044,751,339,4,20180127,NULL,NULL,0),(3045,683,346,6,20180226,NULL,NULL,0),(3046,757,347,4,20180118,NULL,NULL,0),(3047,593,261,5,20180127,NULL,3,0),(3048,688,262,5,20180205,NULL,1,0),(3049,661,264,5,20180226,NULL,2,0),(3050,582,264,5,20180302,NULL,3,0),(3051,659,271,5,20180118,NULL,3,0),(3052,631,272,5,20180210,NULL,2,0),(3053,572,274,5,20180226,NULL,2,0),(3054,542,275,5,20180208,NULL,2,0),(3055,768,276,5,20180226,NULL,4,0),(3056,764,280,5,20180120,NULL,1,0),(3057,563,283,5,20180126,NULL,4,0),(3058,539,286,5,20180122,NULL,1,0),(3059,547,287,5,20180127,NULL,1,0),(3060,760,290,5,20180129,NULL,1,0),(3061,598,291,5,20180123,NULL,3,0),(3062,532,294,5,20180208,NULL,1,1),(3063,756,300,5,20180203,NULL,1,0),(3064,603,301,5,20180217,NULL,1,0),(3065,555,306,5,20180307,NULL,4,0),(3066,710,307,5,20180223,NULL,2,0),(3067,728,319,5,20180130,NULL,4,0),(3068,526,327,5,20180204,NULL,4,0),(3069,773,327,5,20180205,NULL,4,0),(3070,528,329,5,20180124,NULL,3,0),(3071,772,333,5,20180129,NULL,2,0),(3072,599,340,5,20180211,NULL,1,0),(3074,593,262,1,20180301,NULL,NULL,0),(3075,674,258,2,20180123,'sin comentarios',0,0),(3076,617,258,2,20180122,'sin comentarios',0,1),(3077,651,258,2,20180116,'sin comentarios',0,0),(3078,587,258,2,20180130,'sin comentarios',0,1),(3079,684,258,2,20180124,'sin comentarios',0,1),(3080,674,258,3,20180124,'sin comentarios',0,0),(3081,541,270,5,20180403,'sin comentarios',2,0),(3082,770,331,3,20180129,'sin comentarios',0,0),(3085,770,331,4,20180129,'sin comentarios',0,0),(3086,651,258,5,20180130,'sin comentarios',2,0),(3087,674,258,4,20180130,'sin comentarios',0,0),(3090,1029,263,1,20180215,NULL,NULL,0),(3091,1029,263,2,20180215,'sin comentarios',0,0),(3093,666,271,3,20180129,'sin comentarios',0,0),(3094,580,270,2,20180220,'sin comentarios',0,0),(3095,743,270,2,20180226,'sin comentarios',0,0),(3096,664,288,5,20180124,'sin comentarios',1,0),(3097,666,271,4,20180206,'sin comentarios',0,0),(3099,637,288,2,20180118,'sin comentarios',0,0),(3101,695,288,2,20180131,'sin comentarios',0,0),(3105,672,287,5,20180123,'sin comentarios',2,0),(3106,777,307,2,20180220,'sin comentarios',0,0),(3108,777,307,3,20180305,'sin comentarios',0,0),(3109,663,294,2,20180206,'sin comentarios',0,0),(3110,726,327,2,20180202,'sin comentarios',0,0),(3111,615,330,2,20180115,'sin comentarios',0,0),(3112,1030,294,1,20180215,NULL,NULL,0),(3114,580,270,3,20180221,'sin comentarios',0,0),(3115,663,294,5,20180206,'sin comentarios',4,0),(3133,530,294,1,20180215,NULL,NULL,0),(3134,530,294,2,20180215,NULL,NULL,0),(3135,637,288,3,20180122,'sin comentarios',0,0),(3136,727,263,1,20180215,NULL,NULL,0),(3137,774,263,1,20180215,NULL,NULL,0),(3138,617,257,1,20180215,'',0,0),(3139,617,257,2,20180215,'sin comentarios',0,0),(3140,587,257,1,20180215,'',0,0),(3141,587,257,2,20180215,'sin comentarios',0,0),(3142,684,257,1,20180215,'',0,0),(3143,684,257,2,20180215,'sin comentarios',0,0),(3144,587,257,3,20180216,'sin comentarios',0,0),(3145,587,257,4,20180216,'sin comentarios',0,0),(3146,633,284,2,20180131,'sin comentarios',0,0),(3147,633,284,3,20180205,'sin comentarios',0,0),(3149,633,284,4,20180206,'sin comentarios',0,0),(3150,762,287,1,20180130,'',0,0),(3151,671,285,2,20180125,'sin comentarios',0,0),(3152,671,285,3,20180126,'sin comentarios',0,0),(3153,671,285,4,20180129,'sin comentarios',0,0),(3154,554,287,1,20180123,'',0,0),(3155,600,287,1,20180123,'',0,0),(3156,600,287,5,20180421,'sin comentarios',3,0),(3157,580,270,4,20180221,'sin comentarios',0,0),(3158,569,328,3,20180126,'sin comentarios',0,0),(3159,569,328,4,20180129,'sin comentarios',0,0),(3160,667,330,1,20180121,'',0,0),(3161,656,330,1,20180121,'',0,0),(3162,668,330,1,20180121,'',0,0),(3163,744,260,1,20180126,'',0,0),(3164,700,260,1,20180126,'',0,0),(3165,700,260,2,20180126,'',0,0),(3169,1043,341,1,20180215,NULL,0,0),(3170,709,283,1,20180222,'',0,0),(3171,762,287,2,20180201,'sin comentarios',0,0),(3172,762,287,3,20180201,'sin comentarios',0,0),(3173,762,287,4,20180205,'sin comentarios',0,0),(3174,517,307,2,20180221,'sin comentarios',0,0),(3175,654,341,1,20180222,'',0,0),(3176,654,341,2,20180222,'',0,0),(3177,690,341,1,20180222,'',0,0),(3178,523,340,1,20180222,'',0,0),(3180,532,338,1,20180222,'',0,1),(3181,669,314,1,20180222,'',0,0),(3182,669,314,2,20180222,'',0,0),(3183,740,338,3,20180122,'sin comentarios',0,0),(3184,740,338,4,20180122,'sin comentarios',0,0),(3185,532,267,1,20180222,'',0,1),(3186,532,267,5,20180222,'sin comentarios',5,1),(3187,532,267,1,20180222,'',0,0),(3188,532,267,2,20180222,'sin comentarios',0,0),(3189,532,267,3,20180222,'sin comentarios',0,0),(3190,532,267,4,20180222,'sin comentarios',0,0),(3191,592,266,1,20180226,'',0,0),(3192,682,266,1,20180226,'',0,0),(3193,754,342,1,20180222,'',0,0),(3194,754,342,2,20180222,'',0,0),(3195,680,266,5,20180225,'sin comentarios',1,1),(3196,680,301,1,20180222,'',0,1),(3197,680,301,5,20180222,'sin comentarios',1,1),(3198,680,327,5,20180222,'sin comentarios',1,1),(3199,680,327,1,20180222,'',0,1),(3202,680,327,1,20180222,'',0,1),(3203,680,327,5,20180222,'sin comentarios',1,1),(3204,680,314,1,20180222,'',0,0),(3205,551,266,5,20180224,'sin comentarios',4,0),(3206,783,327,5,20180131,'sin comentarios',2,0),(3207,624,307,5,20180220,'sin comentarios',3,0),(3208,691,314,5,20180207,'sin comentarios',3,0),(3209,1044,327,1,20180222,NULL,0,0),(3210,560,301,5,20180218,'sin comentarios',4,1),(3211,560,263,2,20180222,'',0,0),(3212,560,263,1,20180222,'',0,0);

/*Table structure for table `vacantes_nombre` */

DROP TABLE IF EXISTS `vacantes_nombre`;

CREATE TABLE `vacantes_nombre` (
  `id` bigint(20) NOT NULL AUTO_INCREMENT,
  `nombre` text NOT NULL COMMENT 'nombre del puesto',
  `baja` char(1) DEFAULT '0',
  PRIMARY KEY (`id`)
) ENGINE=InnoDB AUTO_INCREMENT=4 DEFAULT CHARSET=latin1;

/*Data for the table `vacantes_nombre` */

insert  into `vacantes_nombre`(`id`,`nombre`,`baja`) values (1,'AYUDANTE GENERAL','0'),(2,'Supervisor de tienda','1'),(3,'SUPERVISOR DE TIENDA','0');

/*Table structure for table `vacantes_procesos` */

DROP TABLE IF EXISTS `vacantes_procesos`;

CREATE TABLE `vacantes_procesos` (
  `id` bigint(20) NOT NULL AUTO_INCREMENT COMMENT 'id',
  `nombre` text NOT NULL COMMENT 'nombre del proceso',
  `orden` int(11) NOT NULL DEFAULT '0' COMMENT 'orden de proceso',
  `cierra_proceso` tinyint(1) DEFAULT '0' COMMENT 'si es fin de proceso - pueden ser varios',
  `cierra_vacante` tinyint(4) DEFAULT '0',
  `comment` text,
  `baja` char(1) DEFAULT '0',
  PRIMARY KEY (`id`)
) ENGINE=InnoDB AUTO_INCREMENT=7 DEFAULT CHARSET=latin1;

/*Data for the table `vacantes_procesos` */

insert  into `vacantes_procesos`(`id`,`nombre`,`orden`,`cierra_proceso`,`cierra_vacante`,`comment`,`baja`) values (1,'SOLICITUD',1,0,0,'Debe existir, aqui inicia el proceso (obligatorio)','0'),(2,'ENTREVISTA',2,0,0,NULL,'0'),(3,'CONTRATO',4,0,0,NULL,'0'),(4,'INGRESO',5,1,1,'Debe existir, aqui se llena la vacante del proceso (obligatorio)','0'),(5,'RECHAZO',6,1,0,'Debe existir, aqui son lo rechazos el proceso (obligatorio)','0'),(6,'P.PRUEBA',3,0,0,NULL,'1');

/*Table structure for table `vacantes_status` */

DROP TABLE IF EXISTS `vacantes_status`;

CREATE TABLE `vacantes_status` (
  `id` bigint(20) NOT NULL AUTO_INCREMENT,
  `nombre` text,
  PRIMARY KEY (`id`)
) ENGINE=InnoDB AUTO_INCREMENT=3 DEFAULT CHARSET=latin1;

/*Data for the table `vacantes_status` */

insert  into `vacantes_status`(`id`,`nombre`) values (1,'Abierta'),(2,'Cerrada');

/*!40101 SET SQL_MODE=@OLD_SQL_MODE */;
/*!40014 SET FOREIGN_KEY_CHECKS=@OLD_FOREIGN_KEY_CHECKS */;
/*!40014 SET UNIQUE_CHECKS=@OLD_UNIQUE_CHECKS */;
/*!40111 SET SQL_NOTES=@OLD_SQL_NOTES */;
