/*
SQLyog Ultimate v9.63 
MySQL - 5.7.21-0ubuntu0.16.04.1 : Database - intelRecruit-Demo
*********************************************************************
*/

/*!40101 SET NAMES utf8 */;

/*!40101 SET SQL_MODE=''*/;

/*!40014 SET @OLD_UNIQUE_CHECKS=@@UNIQUE_CHECKS, UNIQUE_CHECKS=0 */;
/*!40014 SET @OLD_FOREIGN_KEY_CHECKS=@@FOREIGN_KEY_CHECKS, FOREIGN_KEY_CHECKS=0 */;
/*!40101 SET @OLD_SQL_MODE=@@SQL_MODE, SQL_MODE='NO_AUTO_VALUE_ON_ZERO' */;
/*!40111 SET @OLD_SQL_NOTES=@@SQL_NOTES, SQL_NOTES=0 */;
CREATE DATABASE /*!32312 IF NOT EXISTS*/`intelRecruit-Demo` /*!40100 DEFAULT CHARACTER SET latin1 */;

USE `intelRecruit-Demo`;

/*Table structure for table `c_escolaridad` */

DROP TABLE IF EXISTS `c_escolaridad`;

CREATE TABLE `c_escolaridad` (
  `id` int(11) NOT NULL AUTO_INCREMENT,
  `nombre` text NOT NULL,
  `baja` char(1) DEFAULT '0',
  PRIMARY KEY (`id`)
) ENGINE=InnoDB AUTO_INCREMENT=14 DEFAULT CHARSET=latin1;

/*Data for the table `c_escolaridad` */

insert  into `c_escolaridad`(`id`,`nombre`,`baja`) values (1,'ninguna','0'),(2,'primaria','0'),(3,'secundaria','0'),(4,'bachillerato','0'),(5,'TSU','0'),(6,'licenciatura','0'),(7,'maestria','0'),(8,'doctorado/ post-doctorado','0'),(9,'preparatoria trunca','0'),(10,'licenciatura truca','0'),(11,'secundaria trunca','0'),(12,'primaria trunca','0'),(13,'estudiante','0');

/*Table structure for table `c_sexo` */

DROP TABLE IF EXISTS `c_sexo`;

CREATE TABLE `c_sexo` (
  `id` int(11) NOT NULL AUTO_INCREMENT,
  `nombre` text NOT NULL,
  PRIMARY KEY (`id`)
) ENGINE=InnoDB AUTO_INCREMENT=4 DEFAULT CHARSET=latin1;

/*Data for the table `c_sexo` */

insert  into `c_sexo`(`id`,`nombre`) values (1,'femenino'),(2,'masculino'),(3,'No contesto');

/*Table structure for table `candidatos` */

DROP TABLE IF EXISTS `candidatos`;

CREATE TABLE `candidatos` (
  `id` bigint(20) NOT NULL AUTO_INCREMENT,
  `nombre` text NOT NULL,
  `direccion` text,
  `cp` int(11) NOT NULL,
  `fecha_nacimiento` bigint(20) NOT NULL,
  `id_sexo` char(1) NOT NULL,
  `id_escolaridad` int(11) NOT NULL,
  `id_medio` int(11) NOT NULL,
  `baja` char(1) DEFAULT '0',
  PRIMARY KEY (`id`)
) ENGINE=InnoDB AUTO_INCREMENT=1030 DEFAULT CHARSET=latin1;

/*Data for the table `candidatos` */

insert  into `candidatos`(`id`,`nombre`,`direccion`,`cp`,`fecha_nacimiento`,`id_sexo`,`id_escolaridad`,`id_medio`,`baja`) values (514,'LUIS ESPINOSA','',37664,19790328,'2',6,10,'1'),(515,'ERIKA VANESSA SANCHEZ GARCIA','',37580,19880801,'1',3,13,'1'),(516,'JHOANA MARLEN VENEGAS SAUCEDO','',37560,19850630,'1',1,13,'1'),(517,'LAURA ELENA VELAZQUEZ ZUÑIGA','',37179,19940629,'1',3,7,'0'),(518,'JAZMIN VIRIDIANA GODINEZ NARVAEZ','',37199,19920624,'2',3,13,'0'),(519,'JESUS MANUEL','LA VID 205',37134,19911208,'2',5,7,'0'),(520,'AXEL ISAAC ARAIZA BARRON','',37280,19870322,'2',3,13,'0'),(521,'FRANCISCO JAVIER GONZALEZ GONZALEZ','',37434,19940430,'2',3,13,'0'),(522,'JORGE GUADALUPE HERNANDEZ PEREZ','',37294,19960427,'2',3,13,'0'),(523,'JUAN SAUL DURAN ','',37419,19951017,'1',4,13,'0'),(524,'ALICIA NATZALY GONZALEZ GARCIA','LISBOA 345 COL. ANDRADE, LEON, GTO. MEXICO',37370,19871104,'1',1,13,'0'),(525,'KARLA IVETTE LANDEROS CASTAÑEDA','MADERO 112 COL. CENTRO, LEON, GTO. MEXICO',37100,20001025,'1',5,13,'0'),(526,'NIDIA AYDALHI RIVERA JASSO','',37426,19880216,'1',4,13,'0'),(527,'VIRGINIA PEREZ','',37555,19960806,'1',1,13,'0'),(528,'LUZ ISAURA ORTEGA MARQUEZ','',37668,19900317,'2',1,13,'0'),(529,'JOSE LUIS BARRIETOS MILLAN','',37355,19880920,'2',3,13,'0'),(530,'CARLOS JESUS CHAVEZ MARES ','',37178,19851006,'2',1,3,'0'),(531,'RICARDO SALVADOR BARRIENTOS GALLEGOS','',37208,20000929,'2',1,3,'0'),(532,'ALEJANDRO RIOS SANCHEZ','',37425,19970518,'2',3,6,'0'),(533,'ALICIA DEL ROCIO JARAMILLO NUÑEZ','',37160,19960914,'1',1,3,'0'),(534,'MARIA SANJUANA HERNANDEZ GOMEZ','',37010,19900103,'2',3,3,'0'),(535,'JUAN ARMANDO VALENCIA LUNA','',37020,20010621,'1',1,3,'0'),(536,'MARIA DE JESUS ANTONIA PAREDES RODRIGUEZ','',37399,19880427,'1',4,3,'0'),(537,'ELVIA MARTINEZ RODRIGUEZ','',37459,19960729,'2',1,6,'0'),(538,'MARIO SANCHEZ ','',37189,19900615,'1',1,6,'0'),(539,'JUDITH ARACELI JUAREZ NUÑEZ','',37683,19940508,'2',3,6,'0'),(540,'MIGUEL ANGEL HERNANDEZ TRIANA','',37544,19930528,'1',3,3,'0'),(541,'JAMILET REINA RODRIGUEZ GONZALEZ','',37420,19971202,'2',3,3,'0'),(542,'LUIS MANUEL HERRERA MENCHACA','',37444,19910815,'2',3,3,'0'),(543,'SERGIO DE JESUS RANGEL CABRERA','',37109,19870802,'1',3,3,'0'),(544,'ROSA EUGENIA GARCIA AYALA','',37129,19920514,'1',4,3,'0'),(545,'JUANA ARIADNA VILLALOBOS VELAZQUEZ','',37560,19940623,'1',9,3,'0'),(546,'ARLETTE JOSEFINA HERNANDEZ GONZALEZ','',37360,19930201,'2',3,3,'0'),(547,'MIGUEL ANGEL JUAREZ TRIANA','',37297,19950822,'1',3,10,'0'),(548,'ELOISA SANCHEZ RANGEL','',37330,20010124,'1',3,3,'0'),(549,'JESSICA ADRIANA MORALES GARCIA','',37478,20010413,'2',3,3,'0'),(550,'MIGUEL ANGEL TORRES PEREZ','',37100,19980129,'1',9,3,'0'),(551,'MARIA INES CHAVEZ VAZQUEZ','',37408,19910227,'2',3,3,'0'),(552,'JAIRO JAVIER MARIN PEREZ','',37138,19870628,'1',3,6,'0'),(553,'MARTHA ELENA MOSQUEDA LOZANO','',37690,20001216,'1',3,6,'0'),(554,'MARIA AURORA CHAVEZ PEÑUELAS','',37426,19900709,'2',3,6,'0'),(555,'KEVIN CIRILO SOTO VELAZQUEZ','',37536,20000406,'1',3,6,'0'),(556,'SANDRA INES PEREZ MARTINEZ','',37666,19910110,'1',3,6,'0'),(557,'MARIA ISABEL GARCIA HERNANDEZ','',37570,19951124,'2',3,2,'0'),(558,'JUAN NICOLAS EMMANUEL FRIAS MONTOYA','',37357,19861021,'2',10,6,'0'),(559,'OMAR LEON MORALES','',37298,20011105,'2',13,3,'0'),(560,'ANTONIO DE JESUS TORRES FUENTES','',37109,20020320,'2',6,3,'0'),(561,'JESUS ALEJANDRO MORENO ALONSO','',37179,20020527,'1',13,3,'0'),(562,'MARGARITA AGUILERA SANCHEZ','',37350,19880301,'1',3,3,'0'),(563,'BRENDA VIVIANA VALADEZ ROMERO','',37319,20020126,'2',3,3,'0'),(564,'ERICK FERNANDO PRADO PONCE','',37480,19930809,'2',3,3,'0'),(565,'JAIME ALEJANDRO ZARAGOZA ZAVALA','',37369,19930401,'2',3,3,'0'),(566,'JUAN DANIEL ARRONA DOMINGUEZ','',37407,19880304,'1',3,10,'0'),(567,'MA CRISTINA BECERRA VAZQUEZ','',37468,19990820,'2',3,3,'0'),(568,'ADRIAN ISAAC LOPEZ MORALES','',37128,20020414,'1',9,10,'0'),(569,'MARIA NICOLASA AMADOR ARAUJO','',37366,19930320,'1',9,3,'0'),(570,'GEMMA ISABEL ZUÑIGA MARTINEZ','',37368,19960505,'1',3,6,'0'),(571,'ROSALIA CAMACHO ZAMBRANO','',37677,19851012,'2',4,6,'0'),(572,'VICTOR MIGUEL HERNANDEZ GUZMAN','',37357,19850816,'1',3,13,'0'),(573,'ALICIA DOMINGUEZ RUBALCABA','',37298,19890517,'1',1,3,'0'),(574,'LUZ NATALIA GONZALEZ CAUDILLO','',37125,19860816,'1',9,1,'0'),(575,'LAURA BARRERA ZUÑIGA','',37675,19990311,'1',3,4,'0'),(576,'NORMA PATRICIA PALMA SANCHEZ','',37105,19971023,'2',1,13,'0'),(577,'EFREN LICONA CASTELAN','',37236,19910420,'1',3,13,'0'),(578,'LUISA ITZEL MORADO AGUILAR','',37188,19900519,'1',1,13,'0'),(579,'IVONNE ALEJANDRA CASTAÑEDA VAZQUEZ','',37147,19970521,'2',1,13,'0'),(580,'GERARDO ENRIQUE CHAVEZ ROSALES','',37316,19890914,'1',1,13,'0'),(581,'ERIKA DEL ROCIO RODRIGUEZ CRUZ','',37178,19970901,'1',1,13,'0'),(582,'BLANCA ESTRELLA DE JESUS MELGOZA MEDINA','',37684,20000412,'1',3,13,'0'),(583,'JUANA PATRICIA DELGADO ARROYO','',37470,19850922,'1',1,13,'0'),(584,'JUANA VERONICA LUNA MARTINEZ','',37109,19930514,'1',3,13,'0'),(585,'LAURA ESCAMILLA GONZALEZ','',37407,19971001,'2',3,13,'0'),(586,'LUIS ADRIAN CRUZ ','',37669,19920215,'1',3,3,'0'),(587,'MARIA MINERVA PINEDA DIAZ','',37180,19880907,'1',4,3,'0'),(588,'MARINA ESCOBAR ROBLEDO','',37297,19911126,'1',3,13,'0'),(589,'LUZ ADRIANA REYNOSO PEREZ','',37480,19950220,'1',1,13,'0'),(590,'MARIA LOURDES MEDINA AVILA','',37219,20000210,'1',1,13,'0'),(591,'JUANA ARACELI ESPINOZA CASTILLO','',37479,19900727,'1',3,13,'0'),(592,'MARIA GUADALUPE BARCO GARCIA','',37430,19871116,'1',10,13,'0'),(593,'ANA CRISTINA BECERRA ORTIZ','',37418,19910118,'1',3,3,'0'),(594,'MARIA DE LOURDES ESTRADA JASSO','',37108,19890307,'1',1,13,'0'),(595,'BEATRIZ IRENE ECHEVERRIA SANCHEZ','',37359,19851203,'1',1,3,'0'),(596,'DULCE MARIA OLVERA CORTEZ','',37249,19940826,'1',1,10,'0'),(597,'CAROLINA PIÑA CABRERA','',37128,19951016,'1',1,3,'0'),(598,'PATRICIA LUNA BARAJAS','',37408,20001007,'2',1,3,'0'),(599,'JONATHAN DE JESUS LEDEZMA CASTRO','',37430,19910414,'1',1,3,'0'),(600,'PADUA BETHSABETH NADER DE ANDA','',37669,19960525,'1',4,3,'0'),(601,'SANDRA VERONICA OLAEZ GARCIA','',37669,20001108,'1',3,10,'0'),(602,'SARA VALERIA OLIVA ORTEGA','',37479,19950911,'1',3,9,'0'),(603,'SANJUANA JOSEFINA MORENO','',37654,20010914,'1',1,11,'0'),(604,'MARIA LUISA SALAZAR PRADO','',37655,19920608,'2',4,11,'0'),(605,'FRANCISCO JAVIER VIEYRA BARCENAS','',37209,20010708,'2',4,3,'0'),(606,'LUIS ALBERTO CUELLAS POMPA','',37500,19890627,'2',9,3,'0'),(607,'EMANUEL LAZARO RAMOS','',37250,19921113,'2',4,3,'0'),(608,'JULIO CESAR BAENA GUTIERREZ','',37536,20010102,'1',4,11,'0'),(609,'MARIA MONJARAZ ALEMAN','',37539,19920415,'1',3,3,'0'),(610,'MARIA ANGELICA RUIZ LANGO','',37235,19900825,'1',3,2,'0'),(611,'SUSANA BERENICE PONCE RAMOS','',37119,19940713,'1',9,8,'0'),(612,'BETZAYDA AVILA GUERRERO','',37010,20020419,'2',9,3,'0'),(613,'ALBERTO ALEXIS BARRON NAVARRO','',37179,19960124,'1',4,2,'0'),(614,'BERENICE ALVAREZ RAMIREZ','',37690,19990820,'1',9,2,'0'),(615,'LESLI ALEJANDRA COLORADO RAMIREZ','',37230,19920326,'1',9,2,'0'),(616,'MARIA DEL CARMEN ARGOTE JUAREZ','',37109,20020823,'2',9,13,'0'),(617,'ISAAC ROBERTO BARAJAS HORTA','',37227,19980129,'1',9,11,'0'),(618,'MARISELA DEL SOCORRO RODRIGUEZ MANDUJANO','',37665,20020813,'1',3,11,'0'),(619,'ALEJANDRA NUÑEZ CAMARGO','',37478,20000612,'1',3,2,'0'),(620,'ZAYRA VERONICA CLAUDIO ESPINOZA','',37426,20021207,'1',3,11,'0'),(621,'ANA LUZ GUEVARA NAVARRO','',37000,19860629,'1',4,3,'0'),(622,'ANA KAREN PIÑA NACHEZ','',37107,19850526,'1',3,3,'0'),(623,'CECILIA MONTSERRAT RAMIREZ GOMEZ','',37288,19941107,'1',4,3,'0'),(624,'VALERIA BERENICE RIVERA MEDINA','',37330,19891029,'2',5,3,'0'),(625,'LUIS OMAR HERRERA','',37225,20020403,'2',3,10,'0'),(626,'JAIRO ANTONIO AVILES RAMIREZ','',37119,19930609,'2',9,3,'0'),(627,'ANTONIO MIGUEL BUZO RUIZ','',37199,19940811,'1',13,3,'0'),(628,'DANY MARIA MONSERRAT RAMIREZ ALVAREZ','',37360,19980624,'2',4,10,'0'),(629,'LUIS GERARDO RIVERA LOPEZ','',37209,19991226,'2',3,3,'0'),(630,'ESTIBER OMAR MALDONADO GARCIA','',37580,19931019,'1',4,3,'0'),(631,'CECILIA REYES MONDRAGON','',37666,19930513,'1',3,3,'0'),(632,'ELISA GIOVANNA MALDONADO SANCHEZ','',37655,19970621,'2',4,3,'0'),(633,'DIEGO GAEL RAMIREZ BELMONTES','',37278,19970928,'1',3,3,'0'),(634,'LETICIA RAMOS CERRILLO','',37200,19940512,'2',3,3,'0'),(635,'IRVIN MEDINA','',37357,19910216,'1',4,3,'0'),(636,'YESICA GUADALUPE AGUILAR SANTILLAN','',37107,19940121,'1',3,3,'0'),(637,'BEATRIZ ADRIANA RODRIGUEZ RAMIREZ','',37106,19861014,'1',1,13,'0'),(638,'MARIA CONCEPCIÓN HERNÁNDEZ SOTELO','',37544,19870509,'2',9,13,'0'),(639,'JOSE DE JESUS NAVA HERNANDEZ','',37358,19861216,'1',1,3,'0'),(640,'BLANCA BERENICE MORELES MUÑOZ','',37530,19941108,'1',4,3,'0'),(641,'MARTHA PATRICIA SANCHEZ MARTINEZ','',37276,19890122,'1',1,3,'0'),(642,'IXAMAR DE JESUS PEREZ ROCHA','',37134,19870916,'2',1,3,'0'),(643,'RICARDO GABRIEL LOPEZ MARTINEZ','',37269,19890121,'2',1,3,'0'),(644,'JOSE ADRIAN RAMIREZ GONZALEZ','',37235,19961204,'1',4,3,'0'),(645,'ZENHARA SERENA VENTURA','',37555,19900122,'1',4,3,'0'),(646,'MAYRA DEL CARMEN GARCIA CHAVEZ','',37549,19900812,'1',1,11,'0'),(647,'PERLA YOSELIN LUNA GARCIA','',37120,19921211,'1',1,3,'0'),(648,'ANA KARINA HERNANDEZ NUÑEZ','',37668,19981219,'1',9,3,'0'),(649,'ANA LAURA DELGADILLO PEREZ','',37296,19960721,'2',4,3,'0'),(650,'DAVID SILVESTRE RAMIREZ MIRELES','',37655,19890622,'2',9,3,'0'),(651,'JOSE GUADALUPE CABRERA TREJO','',37684,19901115,'2',4,3,'0'),(652,'JUAN CARLOS MARTINEZ RODRIGUEZ','',37353,19970522,'1',4,3,'0'),(653,'MARIA DE JESUS MONTAÑEZ TRUJILLO','',37156,19981106,'2',3,3,'0'),(654,'ALBERTO ROGELIO RODRIGUEZ JASSO','',37430,19980615,'1',4,3,'0'),(655,'JUANA BERENICE DOMINGUEZ CERVERA','',37270,20010202,'1',3,2,'0'),(656,'LAURA JAZMIN ARELLANO RODRIGUEZ','',37360,19980318,'1',4,2,'0'),(657,'MA ELENA CRUZ VALDIVIA ESQUEDA','',37570,19991009,'1',3,3,'0'),(658,'BERTHA ESTEFANIA MARES ARENAS','',37369,19951106,'1',3,3,'0'),(659,'KAREN DANIELA PAREDES AVIÑA','',37408,19880310,'1',3,3,'0'),(660,'MAYRA ESTHER CERVANTES LOPEZ','',37650,19890821,'1',9,3,'0'),(661,'ANA MARIA GUADALUPE VAZQUEZ MANDUJANO','',37457,19930505,'2',3,3,'0'),(662,'RICARDO ALEJANDRO RAMIREZ HERNANDEZ','',37147,19871120,'1',10,3,'0'),(663,'MILAGROS GUADALUPE TORRES MUÑOZ','',37580,20020311,'1',3,6,'0'),(664,'DIANA IVON MANRIQUEZ CARMONA','',37360,19870230,'2',3,6,'0'),(665,'OSCAR SEBASTIAN LUGO MARTINEZ','',37680,20000928,'2',3,6,'0'),(666,'ALAN ANTONIO MUÑOZ CHAVEZ','',37418,19900507,'1',3,5,'0'),(667,'NORMA LAURA DE LA CERDA HUERTA','',37289,19930501,'1',3,3,'0'),(668,'LUZ ADRIANA TERRONES PEREZ','',37128,19931127,'1',3,3,'0'),(669,'ALMA JULIETA ALBA MARES','',37219,19980926,'1',9,5,'0'),(670,'LUZ ELENA RAMIREZ CORTEZ','',37269,19940916,'1',3,6,'0'),(671,'ERICA CECILIA LOPEZ AGUILAR','',37118,19911113,'1',3,3,'0'),(672,'JUDITH ALEJANDRA ROSAS','',37440,19940428,'1',1,13,'0'),(673,'MARIA GUADALUPE SERRANO SANCHEZ','',37260,19940609,'1',10,13,'0'),(674,'ALEJANDRA VALENZUELA MORENO','',37566,19980805,'2',3,13,'0'),(675,'EDGAR GIOVANNI OLMEDO ORTA','',37204,19910206,'1',3,13,'0'),(676,'ANA LAURA FERNANDEZ HERNANDEZ','',37457,19960106,'1',1,13,'0'),(677,'ERIKA TERESA VALDIVIA LOPEZ','',37125,19950830,'1',1,13,'0'),(678,'ANTONIA RIOS VALLEJO','',37119,19900301,'1',1,13,'0'),(679,'FRANCISCA MARTINEZ RAYGOZA','',37257,19910918,'2',3,13,'0'),(680,'KEVIN ULISES JACOBO SUAREZ','',37355,19910711,'1',3,13,'0'),(681,'MARIA ANTONIA VENEGAS BUENO','',37669,19970816,'2',3,13,'0'),(682,'MIGUEL EDUARDO JUAREZ FUENTES','',37548,19990724,'1',4,13,'0'),(683,'NORA INES GUZMAN GRANADOS','',37289,19961129,'1',3,13,'0'),(684,'MARIA TERESA MALDONADO MEDINA','',37530,20000922,'1',1,13,'0'),(685,'MARTHA PATRICIA SOLORZANO CAUDILLO','',37690,19980611,'2',1,13,'0'),(686,'HECTOR ENRIQUE ROMERO GOMEZ','',37448,19860906,'1',1,13,'0'),(687,'MONICA ERNESTINA CAMARENA','',37120,20011210,'2',1,13,'0'),(688,'PEDRO GARCIA CANO ','',37590,19910105,'1',1,13,'0'),(689,'PAOLA GUADALUPE GARCIA CALVILLO','',37697,20021022,'1',3,13,'0'),(690,'ALEJANDRA DELGADO MARES','',37170,19871111,'2',1,6,'0'),(691,'JONATHAN PONCE ','',37267,19950626,'1',1,6,'0'),(692,'GEMMA CAROLINA PEDROZA GONZALEZ','',37318,19860522,'2',3,3,'0'),(693,'GERARDO DE JESUS TAPIA MONTENEGRO','',37410,19870401,'1',3,3,'0'),(694,'ESMERALDA JAQUELINE PEREZ MANRIQUEZ','',37134,19991022,'2',4,3,'0'),(695,'JOSE ABRAHAM SERRANO SANCHEZ','',37444,19881025,'2',3,10,'0'),(696,'CHRISTIAN EDUARDO TAVERA ESTRADA','',37353,20000906,'2',1,11,'0'),(697,'CARLOS ALBERTO GARCIA MUÑOZ','',37687,19950930,'1',1,11,'0'),(698,'ANGELICA MARIA VACA GARCIA','',37010,19900816,'1',1,3,'0'),(699,'LIZETH JUDITH RODRIGUEZ AMARO','',37536,19901109,'1',1,3,'0'),(700,'MONICA PEREZ MARTINEZ','',37217,19991102,'1',1,3,'0'),(701,'SANDRA MELISA PEREZ MARTINEZ','',37479,19970628,'1',1,3,'0'),(702,'SILVIA REYES LOPEZ','',37654,20010306,'2',4,11,'0'),(703,'JUAN ANTONIO VARGAS FONSECA','',37419,19921017,'1',1,13,'0'),(704,'JAZMIN JAQUELINE OROZCO RUIZ','',37407,20021006,'1',1,11,'0'),(705,'OLGA LIDIA VALDEZ ORNELAS','',37697,19960330,'1',1,11,'0'),(706,'BRENDA ELIZABETH HERNANDEZ NEGRETE','',37418,19970426,'1',4,11,'0'),(707,'BRENDA ALEJANDRA REYES SANCHEZ','',37440,19901216,'1',4,3,'0'),(708,'JESUS DE LOS ANGLES LOPEZ RAMIREZ','',37179,20011201,'1',4,2,'0'),(709,'JUANA JESSICA ELIZABETH ROJAS HERNANDEZ','',37570,19890519,'1',4,3,'0'),(710,'CRISTINA LOPEZ ','',37140,19851001,'2',3,11,'0'),(711,'ISMAEL SOLIS FLORES','',37684,19960722,'1',3,2,'0'),(712,'MANUELA MUÑOZ ALMANZA','',37210,20020327,'1',3,2,'0'),(713,'VIRIDIANA JASMIN CISNEROS ESPINOZA','',37299,20000520,'1',4,3,'0'),(714,'BLANCA FABIOLA VAZQUEZ INFANTE','',37310,19900122,'2',3,2,'0'),(715,'RAFAEL SANCHEZ GARCIA','',37550,19930724,'1',3,6,'0'),(716,'SARAHI ESTEFANI TERRONES ALVARADO','',37459,20010310,'1',3,3,'0'),(717,'PATRICIA RUIZ MARMOLEJO','',37539,19850105,'2',4,11,'0'),(718,'JOSE GUADALUPE LOPEZ NAVA','',37129,19871003,'1',4,7,'0'),(719,'LOURDES ALEJANDRA CAUDILLO ROSAS','',37180,19891208,'1',3,3,'0'),(720,'LUCERO DEL ROCIO SOTELO GARCIA','',37236,19910704,'1',4,3,'0'),(721,'MARISELA CAUDILLO ZUÑIGA','',37297,19911204,'2',3,9,'0'),(722,'LUIS FERNANDO GRANADOS SANCHEZ','',37487,19860820,'1',9,3,'0'),(723,'SELENE ESTEFANIA DE ANDA BALDERAS','',37434,20011117,'1',4,13,'0'),(724,'MARGARITA ALVARADO PADILLA','',37673,19860612,'1',3,3,'0'),(725,'GABRIELA DEL CARMEN RAMOS RODRIGUEZ','',37250,19991024,'1',3,3,'0'),(726,'LIZ FERNANDA PRATZ OLIVARES ','',37250,20020421,'1',3,3,'0'),(727,'DOLORES BERENICE VILLEGAS ESCOBEDO','',37318,20020918,'2',3,3,'0'),(728,'JUAN CARLOS MARTINEZ GAONA','',37279,19900411,'1',3,6,'0'),(729,'ANGELICA PINO RENTERIA','',37520,19960411,'1',4,3,'0'),(730,'SAMANTHA SOLIS PRO','',37414,19910619,'1',3,3,'0'),(731,'GLORIA ANGELICA RAMIREZ VALTIERRA','',37458,19980221,'1',3,3,'0'),(732,'MARIA REYNA JASSO HERNANDEZ','',37538,19910918,'2',3,6,'0'),(733,'ANDRES TORRES LOPEZ','',37439,19960628,'2',3,3,'0'),(734,'JOSE LUIS AGUIRRE LOPEZ','',37110,19910215,'1',4,3,'0'),(735,'SOFIA TORRES ALATORRE','',37550,19850726,'1',3,3,'0'),(736,'VIRIDIANA RODRIGUEZ ORTIZ','',37299,20011026,'1',3,10,'0'),(737,'ROSA IVON CHAVEZ PONCE','',37456,19891009,'1',4,3,'0'),(738,'VALERIA ESTEFANIA GABIA GONZALEZ','',37316,19950330,'1',3,3,'0'),(739,'KARLA PATRICIA CANO ORTIZ','',37460,19890319,'2',3,3,'0'),(740,'DAVID ABRAHAM GOMEZ VELMUDEZ','',37669,19920424,'1',9,3,'0'),(741,'GLORIA NOEMI GABIA GONZALEZ','',37688,19990509,'2',9,3,'0'),(742,'EDGAR RICARDO BANDA PRADO','',37288,19900223,'2',9,13,'0'),(743,'JAVIER PEREZ MORALES','',37526,19920112,'1',4,13,'0'),(744,'VIRGINIA DEL ROSARIO MARTINEZ GALVAN','',37444,20011120,'1',4,13,'0'),(745,'MARIA AMELIA VARGAS FLORES','',37279,19890420,'1',3,13,'0'),(746,'LESLIE ALEJANDRA COLORADO RAMIREZ','',37156,19991222,'1',3,13,'0'),(747,'ALONDRA ABIGAIL NUÑEZ VELA','',37570,19901116,'1',4,13,'0'),(748,'ANA MARIA SANCHEZ LOPEZ','',37156,19861201,'1',3,13,'0'),(749,'ARIADNA DE LOS MILAGROS PAREDES GARCIA','',37315,19930512,'1',3,13,'0'),(750,'BLANCA GRACIELA GARCIA LEMUS','',37218,19990303,'2',3,13,'0'),(751,'BRIAN DEL JESUS ZAVALA GUTIERREZ','',37460,19921202,'2',3,13,'0'),(752,'CARLOS DANIEL HERNANDEZ REYNOSO','',37239,20010118,'2',3,13,'0'),(753,'CARLOS JAIME CHAVEZ','',37566,19850118,'2',1,13,'0'),(754,'CESAR ORLANDO SANTANA GOMEZ','',37290,20021001,'1',9,13,'0'),(755,'DULCE YANET RODRIGUEZ ORTIZ','',37355,19880213,'1',3,13,'0'),(756,'ERIKA JAZMIN REYES ZAVALA','',37020,19920408,'1',1,13,'0'),(757,'FATIMA BALERIA FLORES GONZALEZ','',37358,19991125,'2',3,13,'0'),(758,'FERNANDO VALENTIN TORRES BENITEZ','',37564,20000701,'1',4,13,'0'),(759,'GRACIELA MARQUEZ HERNANDEZ','',37118,20010714,'2',9,13,'0'),(760,'HECTOR BARACHEL CANO RAMIREZ','',37270,19940625,'2',9,13,'0'),(761,'HERNAN ENRIQUE ALVAREZ RODRIGUEZ','',37590,20020503,'1',3,13,'0'),(762,'JESSICA LIZBETH LOPEZ ZARAGOZA','',37358,19880229,'2',9,13,'0'),(763,'JUAN MANUEL GOMEZ RAMOS','',37179,19950522,'1',9,13,'0'),(764,'JUANA ARACELI RANGEL CORENO','',37250,19961008,'2',3,13,'0'),(765,'JULIO MOISES ARREGUIN ORTEGA','',37147,19950908,'1',10,13,'0'),(766,'KAREN GUADALUPE GALMES RUIZ','',37350,19871020,'1',3,13,'0'),(767,'KARLA ESMERALDA CERVANTES FRAUSTO','',37268,20000324,'1',3,13,'0'),(768,'LAURA IVONNE RODRIGUEZ OLMOS','',37417,19910314,'1',3,13,'0'),(769,'LAURA LUCIA QUIJAS ROCHA','',37178,19960406,'2',9,13,'0'),(770,'MANUEL ALEJANDRO RIOS SANCHEZ','',37310,19850621,'1',3,13,'0'),(771,'MARGARITA SORIA GUTIERREZ','',37188,19920610,'1',1,6,'0'),(772,'MARIA AMELIA VARGAS FLORES','',37225,20020117,'1',3,13,'0'),(773,'MARIA CAROLINA HINOJOSA ROMERO','',37357,19950504,'1',3,13,'0'),(774,'MARIA CAROLINA MORENO ORTEGA','',37456,19930604,'1',3,13,'0'),(775,'MARIA DE LA LUZ FUENTES DELGADO','',37020,19851216,'1',3,13,'0'),(776,'MARIA DEL ROCIO SANCHEZ PEREZ','',37350,19960816,'1',9,13,'0'),(777,'MARIA ELENA MANDUJANO YAÑEZ','',37400,19950210,'1',3,13,'0'),(778,'MARIA ISABEL BARAJAS MANDUJANO','',37240,19950330,'1',3,13,'0'),(779,'MARIA SOLEDAD PANIAGUA ARREOLA','',37545,19990429,'1',3,13,'0'),(780,'MIRIAM MARIA GUADALUPE ELIAS BLANCARTE','',37477,19960620,'2',1,13,'0'),(781,'NOE ROBERTO LUNA MORENO','',37430,19851207,'2',1,13,'0'),(782,'PEDRO ROMERO MORALES','',37179,19970722,'1',3,13,'0'),(783,'REBECA MANCILLA GARCIA','',37110,19850309,'1',3,13,'0'),(784,'XITLALIC ATILANO VARO','',37444,19850215,'1',3,13,'0'),(1029,'MARIANA','BRISAS 3834',37297,19811110,'1',6,1,'1');

/*Table structure for table `clientes` */

DROP TABLE IF EXISTS `clientes`;

CREATE TABLE `clientes` (
  `id` bigint(20) NOT NULL AUTO_INCREMENT COMMENT 'id - unico',
  `nombre` text NOT NULL COMMENT 'nombre - unico',
  `calle` text,
  `numero` text,
  `colonia` text,
  `ciudad` text,
  `estado` text,
  `codigo_postal` int(11) NOT NULL COMMENT 'cp - obligatorio ubicacion',
  `pais` text,
  `baja` char(1) DEFAULT '0',
  PRIMARY KEY (`id`)
) ENGINE=InnoDB AUTO_INCREMENT=216 DEFAULT CHARSET=latin1;

/*Data for the table `clientes` */

insert  into `clientes`(`id`,`nombre`,`calle`,`numero`,`colonia`,`ciudad`,`estado`,`codigo_postal`,`pais`,`baja`) values (130,'LA MARQUESA',NULL,NULL,NULL,NULL,NULL,37788,NULL,'0'),(131,'JOLGUABER',NULL,NULL,NULL,NULL,NULL,37690,NULL,'0'),(132,'BALLERES',NULL,NULL,NULL,NULL,NULL,37892,NULL,'0'),(133,'VIZCAYA',NULL,NULL,NULL,NULL,NULL,37773,NULL,'0'),(134,'SINALOA',NULL,NULL,NULL,NULL,NULL,37441,NULL,'0'),(135,'LOMAS DEL MIRADOR',NULL,NULL,NULL,NULL,NULL,37595,NULL,'0'),(136,'COLINAS DE PLATA',NULL,NULL,NULL,NULL,NULL,37655,NULL,'0'),(137,'PARQUES DE SAN JUAN',NULL,NULL,NULL,NULL,NULL,37431,NULL,'0'),(138,'COUNTRY',NULL,NULL,NULL,NULL,NULL,37346,NULL,'0'),(139,'SATURNO','TIZIANO PUPPIN',NULL,'FRACCIONAMIENTO DEL SOL','LEON','GTO',37235,'MEXICO','0'),(140,'AGUA AZUL',NULL,NULL,NULL,NULL,NULL,37604,NULL,'0'),(141,'CUMBRES LA GLORIA',NULL,NULL,NULL,NULL,NULL,37359,NULL,'0'),(142,'EYUPOL',NULL,NULL,NULL,NULL,NULL,37462,NULL,'0'),(143,'LEON II',NULL,NULL,NULL,NULL,NULL,37855,NULL,'0'),(144,'21 DE MARZO',NULL,NULL,NULL,NULL,NULL,37138,NULL,'0'),(145,'JOYAS',NULL,NULL,NULL,NULL,NULL,37075,NULL,'0'),(146,'PROGRAMA DESARROLLO ENRIQUE',NULL,NULL,NULL,NULL,NULL,37659,NULL,'0'),(147,'COSTA RICA',NULL,NULL,NULL,NULL,NULL,37013,NULL,'0'),(148,'RAMAL',NULL,NULL,NULL,NULL,NULL,37536,NULL,'0'),(149,'PASEOS DEL MOLINO',NULL,NULL,NULL,NULL,NULL,37945,NULL,'0'),(150,'ALFREDO VALADEZ',NULL,NULL,NULL,NULL,NULL,37409,NULL,'0'),(151,'HERMANOS ALDAMA',NULL,NULL,NULL,NULL,NULL,37747,NULL,'0'),(152,'VISTA ESMERALDA',NULL,NULL,NULL,NULL,NULL,37746,NULL,'0'),(153,'MARIANO ESCOBEDO',NULL,NULL,NULL,NULL,NULL,37412,NULL,'0'),(154,'CERVANTES',NULL,NULL,NULL,NULL,NULL,37550,NULL,'0'),(155,'MEDINA',NULL,NULL,NULL,NULL,NULL,37039,NULL,'0'),(156,'EL FARO',NULL,NULL,NULL,NULL,NULL,37988,NULL,'0'),(157,'OSVALDO',NULL,NULL,NULL,NULL,NULL,37983,NULL,'0'),(158,'COLINAS DE SAN FRANCISCO',NULL,NULL,NULL,NULL,NULL,37956,NULL,'0'),(159,'NORIAS',NULL,NULL,NULL,NULL,NULL,37577,NULL,'0'),(160,'SALAMANCA',NULL,NULL,NULL,NULL,NULL,37724,NULL,'0'),(161,'STA JULIA',NULL,NULL,NULL,NULL,NULL,37584,NULL,'0'),(162,'CUDRILLA JOSE RIOS',NULL,NULL,NULL,NULL,NULL,37782,NULL,'0'),(163,'SAN MIGUEL',NULL,NULL,NULL,NULL,NULL,37132,NULL,'0'),(164,'ATOTONILCO',NULL,NULL,NULL,NULL,NULL,37419,NULL,'0'),(165,'SAN ROMAN',NULL,NULL,NULL,NULL,NULL,37415,NULL,'0'),(166,'SANTO DOMINGO',NULL,NULL,NULL,NULL,NULL,37793,NULL,'0'),(167,'PRESITAS',NULL,NULL,NULL,NULL,NULL,37531,NULL,'0'),(168,'LOMA DORADA',NULL,NULL,NULL,NULL,NULL,37645,NULL,'0'),(169,'VALLE DE SAN JOSE',NULL,NULL,NULL,NULL,NULL,37803,NULL,'0'),(170,'VILLAS DE SAN JUAN',NULL,NULL,NULL,NULL,NULL,37103,NULL,'0'),(171,'CASTILLOS',NULL,NULL,NULL,NULL,NULL,37753,NULL,'0'),(172,'EL ROSARIO',NULL,NULL,NULL,NULL,NULL,37302,NULL,'0'),(173,'JEREZ',NULL,NULL,NULL,NULL,NULL,37204,NULL,'0'),(174,'SANTA JULIA',NULL,NULL,NULL,NULL,NULL,37235,NULL,'0'),(175,'VALERIANA',NULL,NULL,NULL,NULL,NULL,37849,NULL,'0'),(176,'HILAMAS',NULL,NULL,NULL,NULL,NULL,37760,NULL,'0'),(177,'MALINALCO',NULL,NULL,NULL,NULL,NULL,37648,NULL,'0'),(178,'CLARA SANCHEZ',NULL,NULL,NULL,NULL,NULL,37021,NULL,'0'),(179,'TURQUESA',NULL,NULL,NULL,NULL,NULL,37012,NULL,'0'),(180,'EL ROBLE',NULL,NULL,NULL,NULL,NULL,37906,NULL,'0'),(181,'CUADRILLA RICARDO',NULL,NULL,NULL,NULL,NULL,37939,NULL,'0'),(182,'PASEOS DEL MAUREL',NULL,NULL,NULL,NULL,NULL,37178,NULL,'0'),(183,'CUADRILLA MAURICIO',NULL,NULL,NULL,NULL,NULL,37645,NULL,'0'),(184,'PALO IV',NULL,NULL,NULL,NULL,NULL,37146,NULL,'0'),(185,'SION',NULL,NULL,NULL,NULL,NULL,37563,NULL,'0'),(186,'ORENSE',NULL,NULL,NULL,NULL,NULL,37467,NULL,'0'),(187,'SANCHEZ',NULL,NULL,NULL,NULL,NULL,37840,NULL,'0'),(188,'COLINAS DE FCO',NULL,NULL,NULL,NULL,NULL,37469,NULL,'0'),(189,'PALERMO',NULL,NULL,NULL,NULL,NULL,37827,NULL,'0'),(190,'PROGRAMA DESARROLLO COUNTRY',NULL,NULL,NULL,NULL,NULL,37233,NULL,'0'),(191,'CUADRILLA SERGIO',NULL,NULL,NULL,NULL,NULL,37991,NULL,'0'),(192,'PROGRAMA DESARROLLO DAVID',NULL,NULL,NULL,NULL,NULL,37544,NULL,'0'),(193,'PROGRAMA DESARROLLO VILLAS',NULL,NULL,NULL,NULL,NULL,37674,NULL,'0'),(194,'EXPRESS',NULL,NULL,NULL,NULL,NULL,37597,NULL,'0'),(195,'PROGRAMA DESARROLLO SATURNO',NULL,NULL,NULL,NULL,NULL,37054,NULL,'0'),(196,'ROBLE DE JEREZ',NULL,NULL,NULL,NULL,NULL,37951,NULL,'0'),(197,'RIO MAYO',NULL,NULL,NULL,NULL,NULL,37256,NULL,'0'),(198,'SAN ANTONIO',NULL,NULL,NULL,NULL,NULL,37918,NULL,'0'),(199,'BRISAS DEL CARMEN',NULL,NULL,NULL,NULL,NULL,37789,NULL,'0'),(200,'MADRE TIERRA',NULL,NULL,NULL,NULL,NULL,37449,NULL,'0'),(201,'VILLAS DE SAN NICOLAS',NULL,NULL,NULL,NULL,NULL,37830,NULL,'0'),(202,'LA CAPILLA',NULL,NULL,NULL,NULL,NULL,37352,NULL,'0'),(203,'PRESIDENTES',NULL,NULL,NULL,NULL,NULL,37851,NULL,'0'),(204,'CERRO DEL GIGANTE',NULL,NULL,NULL,NULL,NULL,37095,NULL,'0'),(205,'LOS CASTILLOS',NULL,NULL,NULL,NULL,NULL,37129,NULL,'0'),(206,'TORREMOLINOS',NULL,NULL,NULL,NULL,NULL,37372,NULL,'0'),(207,'TELLEZ CRUCES',NULL,NULL,NULL,NULL,NULL,37618,NULL,'0'),(208,'CUADRILLA DAVID',NULL,NULL,NULL,NULL,NULL,37791,NULL,'0'),(209,'SANTA ROSA',NULL,NULL,NULL,NULL,NULL,37262,NULL,'0'),(210,'VILLAS DE LA LUZ',NULL,NULL,NULL,NULL,NULL,37422,NULL,'0'),(211,'PARQUES DEL SUR',NULL,NULL,NULL,NULL,NULL,37784,NULL,'0'),(212,'OBREGON',NULL,NULL,NULL,NULL,NULL,37662,NULL,'0'),(213,'ROMITA',NULL,NULL,NULL,NULL,NULL,37463,NULL,'0'),(214,'VALLE DE LEON',NULL,NULL,NULL,NULL,NULL,37934,NULL,'0'),(215,'JOYAS DE CASTILLA',NULL,NULL,NULL,NULL,NULL,37038,NULL,'0');

/*Table structure for table `frecuencias` */

DROP TABLE IF EXISTS `frecuencias`;

CREATE TABLE `frecuencias` (
  `id` int(11) NOT NULL AUTO_INCREMENT,
  `nombre` text NOT NULL,
  `dias` int(11) NOT NULL,
  `default` tinyint(1) DEFAULT NULL,
  `baja` char(1) DEFAULT '0',
  PRIMARY KEY (`id`)
) ENGINE=InnoDB AUTO_INCREMENT=8 DEFAULT CHARSET=latin1;

/*Data for the table `frecuencias` */

insert  into `frecuencias`(`id`,`nombre`,`dias`,`default`,`baja`) values (1,'Ultimos 7 dias',7,0,'1'),(2,'Ultimos 30 dias',30,0,'0'),(3,'Mes actual',0,0,'1'),(4,'Ultimos 90 dias',90,1,'0'),(5,'Ultimos 6 meses',180,0,'0'),(6,'Año actual',0,0,'0'),(7,'Ultimos 12 meses',365,0,'0');

/*Table structure for table `logs` */

DROP TABLE IF EXISTS `logs`;

CREATE TABLE `logs` (
  `id` bigint(20) NOT NULL AUTO_INCREMENT,
  `id_usuario` bigint(20) DEFAULT NULL,
  `proceso` text,
  `abc` char(1) DEFAULT NULL,
  `fecha` text,
  PRIMARY KEY (`id`)
) ENGINE=InnoDB DEFAULT CHARSET=latin1;

/*Data for the table `logs` */

/*Table structure for table `medios` */

DROP TABLE IF EXISTS `medios`;

CREATE TABLE `medios` (
  `id` bigint(20) NOT NULL AUTO_INCREMENT,
  `nombre` text NOT NULL,
  `baja` char(1) DEFAULT '0',
  PRIMARY KEY (`id`)
) ENGINE=InnoDB AUTO_INCREMENT=14 DEFAULT CHARSET=latin1;

/*Data for the table `medios` */

insert  into `medios`(`id`,`nombre`,`baja`) values (1,'CAMBACEO','0'),(2,'CARPA','0'),(3,'CARTULINA EN TIENDA','0'),(4,'CENTRO DE RECLUTAMIENTO','0'),(5,'CORNJOB','0'),(6,'FACEBOOK','0'),(7,'FERIA LABORAL FEMSA','0'),(8,'PERIFONEO','0'),(9,'PERIODICO','0'),(10,'REFERIDO','0'),(11,'VOLANTE','0'),(12,'WHATSAPP','0'),(13,'OTRO','0');

/*Table structure for table `metas_kpi` */

DROP TABLE IF EXISTS `metas_kpi`;

CREATE TABLE `metas_kpi` (
  `id` bigint(20) NOT NULL AUTO_INCREMENT,
  `id_meta` bigint(20) NOT NULL,
  `descripcion` text NOT NULL,
  `valor` double NOT NULL,
  `fecha_inicio` bigint(20) NOT NULL,
  PRIMARY KEY (`id`)
) ENGINE=InnoDB AUTO_INCREMENT=5 DEFAULT CHARSET=latin1;

/*Data for the table `metas_kpi` */

insert  into `metas_kpi`(`id`,`id_meta`,`descripcion`,`valor`,`fecha_inicio`) values (1,1,'Solicitudes por vacante',4,20180115),(2,1,'Solicitudes por vacante',3,20180210),(3,2,'Tiempo en cubrir vacante',15,20180101),(4,3,'Porcentaje vacantes cerradas',50,20180101);

/*Table structure for table `panel` */

DROP TABLE IF EXISTS `panel`;

CREATE TABLE `panel` (
  `Company` text,
  `Allow_rechazados` tinyint(1) DEFAULT NULL,
  `Allow_cerrarvacante` tinyint(1) DEFAULT NULL
) ENGINE=InnoDB DEFAULT CHARSET=latin1;

/*Data for the table `panel` */

/*Table structure for table `razones_rechazo` */

DROP TABLE IF EXISTS `razones_rechazo`;

CREATE TABLE `razones_rechazo` (
  `id` bigint(20) NOT NULL AUTO_INCREMENT,
  `nombre` text,
  `baja` char(1) DEFAULT '0',
  PRIMARY KEY (`id`)
) ENGINE=InnoDB AUTO_INCREMENT=6 DEFAULT CHARSET=latin1;

/*Data for the table `razones_rechazo` */

insert  into `razones_rechazo`(`id`,`nombre`,`baja`) values (1,'NO ASISTIO A PROCESO','0'),(2,'NO REUNE REQUISITOS','0'),(3,'MALAS REFERENCIAS','0'),(4,'NO ACEPTO SUELDO','0'),(5,'OTRO','0');

/*Table structure for table `temp` */

DROP TABLE IF EXISTS `temp`;

CREATE TABLE `temp` (
  `id_candidato` bigint(20) DEFAULT NULL,
  `cp` bigint(20) DEFAULT NULL
) ENGINE=InnoDB DEFAULT CHARSET=latin1;

/*Data for the table `temp` */

insert  into `temp`(`id_candidato`,`cp`) values (514,37664),(515,37580),(516,37560),(517,37179),(518,37199),(519,37134),(520,37280),(521,37434),(522,37294),(523,37419),(524,37000),(525,37415),(526,37426),(527,37555),(528,37668),(529,37355),(530,37178),(531,37208),(532,37425),(533,37160),(534,37010),(535,37020),(536,37399),(537,37459),(538,37189),(539,37683),(540,37544),(541,37420),(542,37444),(543,37109),(544,37129),(545,37560),(546,37360),(547,37297),(548,37330),(549,37478),(550,37100),(551,37408),(552,37138),(553,37690),(554,37426),(555,37536),(556,37666),(557,37570),(558,37357),(559,37298),(560,37109),(561,37179),(562,37350),(563,37319),(564,37480),(565,37369),(566,37407),(567,37468),(568,37128),(569,37366),(570,37368),(571,37677),(572,37357),(573,37298),(574,37125),(575,37675),(576,37105),(577,37236),(578,37188),(579,37147),(580,37316),(581,37178),(582,37684),(583,37470),(584,37109),(585,37407),(586,37669),(587,37180),(588,37297),(589,37480),(590,37219),(591,37479),(592,37430),(593,37418),(594,37108),(595,37359),(596,37249),(597,37128),(598,37408),(599,37430),(600,37669),(601,37669),(602,37479),(603,37654),(604,37655),(605,37209),(606,37500),(607,37250),(608,37536),(609,37539),(610,37235),(611,37119),(612,37010),(613,37179),(614,37690),(615,37230),(616,37109),(617,37227),(618,37665),(619,37478),(620,37426),(621,37000),(622,37107),(623,37288),(624,37330),(625,37225),(626,37119),(627,37199),(628,37360),(629,37209),(630,37580),(631,37666),(632,37655),(633,37278),(634,37200),(635,37357),(636,37107),(637,37106),(638,37544),(639,37358),(640,37530),(641,37276),(642,37134),(643,37269),(644,37235),(645,37555),(646,37549),(647,37120),(648,37668),(649,37296),(650,37655),(651,37684),(652,37353),(653,37156),(654,37430),(655,37270),(656,37360),(657,37570),(658,37369),(659,37408),(660,37650),(661,37457),(662,37147),(663,37580),(664,37360),(665,37680),(666,37418),(667,37289),(668,37128),(669,37219),(670,37269),(671,37118),(672,37440),(673,37260),(674,37566),(675,37204),(676,37457),(677,37125),(678,37119),(679,37257),(680,37355),(681,37669),(682,37548),(683,37289),(684,37530),(685,37690),(686,37448),(687,37120),(688,37590),(689,37697),(690,37170),(691,37267),(692,37318),(693,37410),(694,37134),(695,37444),(696,37353),(697,37687),(698,37010),(699,37536),(700,37217),(701,37479),(702,37654),(703,37419),(704,37407),(705,37697),(706,37418),(707,37440),(708,37179),(709,37570),(710,37140),(711,37684),(712,37210),(713,37299),(714,37310),(715,37550),(716,37459),(717,37539),(718,37129),(719,37180),(720,37236),(721,37297),(722,37487),(723,37434),(724,37673),(725,37250),(726,37250),(727,37318),(728,37279),(729,37520),(730,37414),(731,37458),(732,37538),(733,37439),(734,37110),(735,37550),(736,37299),(737,37456),(738,37316),(739,37460),(740,37669),(741,37688),(742,37288),(743,37526),(744,37444),(745,37279),(746,37156),(747,37570),(748,37156),(749,37315),(750,37218),(751,37460),(752,37239),(753,37566),(754,37290),(755,37355),(756,37020),(757,37358),(758,37564),(759,37118),(760,37270),(761,37590),(762,37358),(763,37179),(764,37250),(765,37147),(766,37350),(767,37268),(768,37417),(769,37178),(770,37310),(771,37188),(772,37225),(773,37357),(774,37456),(775,37020),(776,37350),(777,37400),(778,37240),(779,37545),(780,37477),(781,37430),(782,37179),(783,37110),(784,37444),(1024,37289);

/*Table structure for table `users` */

DROP TABLE IF EXISTS `users`;

CREATE TABLE `users` (
  `id` bigint(20) NOT NULL AUTO_INCREMENT COMMENT 'id',
  `user` tinytext NOT NULL COMMENT 'username',
  `pass` text NOT NULL COMMENT 'password',
  `level` tinytext NOT NULL COMMENT 'nivel de seguridad',
  `nombre` tinytext COMMENT 'nombre del usuario',
  `baja` char(1) DEFAULT '0',
  PRIMARY KEY (`id`)
) ENGINE=InnoDB AUTO_INCREMENT=9 DEFAULT CHARSET=latin1;

/*Data for the table `users` */

insert  into `users`(`id`,`user`,`pass`,`level`,`nombre`,`baja`) values (1,'admin','e120595439e1f1094f7dd5609dcbb555bf7f6858','super','Administrador','0'),(2,'luissup','b7a6547a8ebdaed81c819f62d7b6152f163274e4','supervisor','Luis Supervisor','0'),(3,'luisrec','e120595439e1f1094f7dd5609dcbb555bf7f6858','reclutador','Luis Reclutador','0'),(4,'DANY','e120595439e1f1094f7dd5609dcbb555bf7f6858','reclutador','Daniela','0'),(5,'a','e120595439e1f1094f7dd5609dcbb555bf7f6858','reclutador','Diana','0'),(6,'GABY','e120595439e1f1094f7dd5609dcbb555bf7f6858','supervisor','Gaby Martinez','0'),(7,'JONATHAN','e120595439e1f1094f7dd5609dcbb555bf7f6858','reclutador','Johnatan','0'),(8,'PATY','e120595439e1f1094f7dd5609dcbb555bf7f6858','reclutador','Paty','0');

/*Table structure for table `vacantes` */

DROP TABLE IF EXISTS `vacantes`;

CREATE TABLE `vacantes` (
  `id` bigint(20) NOT NULL AUTO_INCREMENT,
  `id_cliente` bigint(20) NOT NULL COMMENT 'id-cliente',
  `id_nombre_vacante` bigint(20) NOT NULL COMMENT 'id_nombre de la vacante',
  `fecha` bigint(20) NOT NULL COMMENT 'fecha como numero yyyymmdd',
  `id_status` int(11) NOT NULL COMMENT 'status de la vacante',
  `id_usuario` bigint(20) DEFAULT NULL COMMENT 'usuario asignado',
  `baja` char(1) DEFAULT '0',
  PRIMARY KEY (`id`)
) ENGINE=InnoDB AUTO_INCREMENT=348 DEFAULT CHARSET=latin1;

/*Data for the table `vacantes` */

insert  into `vacantes`(`id`,`id_cliente`,`id_nombre_vacante`,`fecha`,`id_status`,`id_usuario`,`baja`) values (257,164,1,20180122,1,8,'0'),(258,164,1,20180116,2,5,'0'),(259,132,1,20180122,1,4,'0'),(260,132,1,20180115,1,4,'0'),(261,199,1,20180122,2,8,'0'),(262,171,1,20180127,2,8,'0'),(263,171,1,20180119,1,5,'0'),(264,178,1,20180221,1,8,'0'),(265,178,1,20180130,2,6,'0'),(266,158,1,20180223,1,4,'0'),(267,158,1,20180220,1,7,'0'),(268,147,1,20180114,1,8,'0'),(269,138,1,20180130,1,6,'0'),(270,181,1,20180215,1,5,'0'),(271,162,1,20180112,1,5,'0'),(272,141,1,20180202,1,8,'0'),(273,141,1,20180118,1,4,'0'),(274,156,1,20180219,1,4,'0'),(275,194,1,20180129,2,8,'0'),(276,142,1,20180220,1,8,'0'),(277,176,1,20180128,2,6,'0'),(278,173,1,20180126,2,5,'0'),(279,131,1,20180105,1,4,'0'),(280,131,1,20180111,2,4,'0'),(281,145,1,20180122,2,6,'0'),(282,130,1,20180108,1,4,'0'),(283,130,1,20180120,1,6,'0'),(284,143,1,20180128,1,4,'0'),(285,143,1,20180118,1,6,'0'),(286,143,1,20180116,2,5,'0'),(287,143,1,20180116,1,5,'0'),(288,168,1,20180116,1,5,'0'),(289,168,1,20180118,1,6,'0'),(290,168,1,20180120,1,8,'0'),(291,135,1,20180116,1,4,'0'),(292,135,1,20180122,2,4,'0'),(293,200,1,20180123,1,8,'0'),(294,177,1,20180131,1,5,'0'),(295,153,1,20180122,1,8,'0'),(296,153,1,20180124,1,8,'0'),(297,153,1,20180117,1,8,'0'),(298,153,1,20180207,1,8,'0'),(299,153,1,20180120,1,6,'0'),(300,153,1,20180128,1,6,'0'),(301,159,1,20180212,1,8,'0'),(302,159,1,20180120,2,5,'0'),(303,159,1,20180110,2,8,'0'),(304,186,1,20180206,2,8,'0'),(305,186,1,20180116,1,8,'0'),(306,157,1,20180223,1,4,'0'),(307,184,1,20180218,1,5,'0'),(308,137,1,20180218,2,8,'0'),(309,137,1,20180217,1,8,'0'),(310,137,1,20180129,1,5,'0'),(311,182,1,20180114,2,8,'0'),(312,182,1,20180108,2,8,'0'),(313,203,1,20180217,1,8,'0'),(314,167,1,20180205,1,8,'0'),(315,167,1,20180203,2,5,'0'),(316,148,1,20180201,1,4,'0'),(317,197,1,20180118,1,8,'0'),(318,196,1,20180115,1,8,'0'),(319,160,1,20180122,2,5,'0'),(320,160,1,20180123,1,4,'0'),(321,160,1,20180123,1,8,'0'),(322,160,1,20180121,1,6,'0'),(323,163,1,20180114,2,5,'0'),(324,163,1,20180112,1,8,'0'),(325,165,1,20180225,2,8,'0'),(326,165,1,20180111,1,8,'0'),(327,174,1,20180129,1,5,'0'),(328,139,1,20180118,1,4,'0'),(329,139,1,20180119,2,8,'0'),(330,139,1,20180108,1,5,'0'),(331,139,1,20180118,2,5,'0'),(332,139,1,20180119,1,8,'0'),(333,134,1,20180124,1,4,'0'),(334,134,1,20180206,1,4,'0'),(335,134,1,20180113,2,4,'0'),(336,134,1,20180122,1,4,'0'),(337,134,1,20180121,1,4,'0'),(338,161,1,20180113,1,5,'0'),(339,161,1,20180115,2,5,'0'),(340,179,1,20180206,1,5,'0'),(341,175,1,20180130,1,5,'0'),(342,169,1,20180112,1,5,'0'),(343,170,1,20180207,1,8,'0'),(344,170,1,20180213,1,8,'0'),(345,201,1,20180123,1,8,'0'),(346,152,1,20180214,2,4,'0'),(347,152,1,20180111,2,6,'0');

/*Table structure for table `vacantes_following` */

DROP TABLE IF EXISTS `vacantes_following`;

CREATE TABLE `vacantes_following` (
  `id` bigint(20) NOT NULL AUTO_INCREMENT COMMENT 'id',
  `id_candidato` bigint(20) NOT NULL,
  `id_vacante` bigint(20) NOT NULL COMMENT 'vacante',
  `id_proceso` bigint(20) NOT NULL COMMENT 'proceso',
  `fecha` bigint(20) NOT NULL COMMENT 'fecha yyyymmmdd',
  `comentarios` text,
  `id_razon_rechazo` int(11) DEFAULT NULL,
  PRIMARY KEY (`id`)
) ENGINE=InnoDB AUTO_INCREMENT=3095 DEFAULT CHARSET=latin1;

/*Data for the table `vacantes_following` */

insert  into `vacantes_following`(`id`,`id_candidato`,`id_vacante`,`id_proceso`,`fecha`,`comentarios`,`id_razon_rechazo`) values (2611,651,258,1,20180116,NULL,NULL),(2612,617,258,1,20180117,NULL,NULL),(2613,587,258,1,20180118,NULL,NULL),(2614,684,258,1,20180119,NULL,NULL),(2615,674,258,1,20180121,NULL,NULL),(2616,744,259,1,20180126,NULL,NULL),(2617,700,259,1,20180123,NULL,NULL),(2618,593,261,1,20180122,NULL,NULL),(2619,693,261,1,20180125,NULL,NULL),(2620,558,261,1,20180125,NULL,NULL),(2621,727,262,1,20180130,NULL,NULL),(2622,530,262,1,20180128,NULL,NULL),(2623,701,262,1,20180127,NULL,NULL),(2624,576,262,1,20180201,NULL,NULL),(2625,688,262,1,20180201,NULL,NULL),(2626,774,262,1,20180127,NULL,NULL),(2627,732,262,1,20180127,NULL,NULL),(2628,661,264,1,20180221,NULL,NULL),(2629,582,264,1,20180224,NULL,NULL),(2630,717,265,1,20180205,NULL,NULL),(2631,722,265,1,20180130,NULL,NULL),(2632,750,265,1,20180202,NULL,NULL),(2633,679,265,1,20180131,NULL,NULL),(2634,556,265,1,20180205,NULL,NULL),(2635,535,266,1,20180226,NULL,NULL),(2636,716,266,1,20180224,NULL,NULL),(2637,514,266,1,20180224,NULL,NULL),(2638,551,266,1,20180224,NULL,NULL),(2639,680,266,1,20180225,NULL,NULL),(2640,592,267,1,20180226,NULL,NULL),(2641,682,267,1,20180224,NULL,NULL),(2642,660,269,1,20180203,NULL,NULL),(2643,516,269,1,20180131,NULL,NULL),(2644,613,269,1,20180130,NULL,NULL),(2645,743,270,1,20180220,NULL,NULL),(2646,580,270,1,20180218,NULL,NULL),(2647,541,270,1,20180216,NULL,NULL),(2648,552,271,1,20180117,NULL,NULL),(2649,749,271,1,20180114,NULL,NULL),(2650,659,271,1,20180115,NULL,NULL),(2651,666,271,1,20180116,NULL,NULL),(2652,550,271,1,20180114,NULL,NULL),(2653,763,272,1,20180206,NULL,NULL),(2654,665,272,1,20180206,NULL,NULL),(2655,631,272,1,20180205,NULL,NULL),(2656,632,272,1,20180204,NULL,NULL),(2657,572,274,1,20180223,NULL,NULL),(2658,779,274,1,20180221,NULL,NULL),(2659,670,274,1,20180220,NULL,NULL),(2660,704,275,1,20180129,NULL,NULL),(2661,542,275,1,20180203,NULL,NULL),(2662,737,275,1,20180205,NULL,NULL),(2663,768,276,1,20180222,NULL,NULL),(2664,662,277,1,20180128,NULL,NULL),(2665,588,277,1,20180130,NULL,NULL),(2666,766,278,1,20180130,NULL,NULL),(2667,675,279,1,20180110,NULL,NULL),(2668,621,280,1,20180114,NULL,NULL),(2669,748,280,1,20180111,NULL,NULL),(2670,646,280,1,20180116,NULL,NULL),(2671,544,280,1,20180116,NULL,NULL),(2672,706,280,1,20180113,NULL,NULL),(2673,607,280,1,20180113,NULL,NULL),(2674,764,280,1,20180114,NULL,NULL),(2675,562,281,1,20180126,NULL,NULL),(2676,657,281,1,20180124,NULL,NULL),(2677,724,281,1,20180125,NULL,NULL),(2678,709,282,1,20180110,NULL,NULL),(2679,745,283,1,20180121,NULL,NULL),(2680,622,283,1,20180121,NULL,NULL),(2681,643,283,1,20180124,NULL,NULL),(2682,563,283,1,20180121,NULL,NULL),(2683,678,283,1,20180122,NULL,NULL),(2684,589,283,1,20180122,NULL,NULL),(2685,782,283,1,20180121,NULL,NULL),(2686,633,284,1,20180129,NULL,NULL),(2687,762,284,1,20180130,NULL,NULL),(2688,554,285,1,20180123,NULL,NULL),(2689,600,285,1,20180120,NULL,NULL),(2690,671,285,1,20180123,NULL,NULL),(2691,553,286,1,20180118,NULL,NULL),(2692,539,286,1,20180118,NULL,NULL),(2693,561,286,1,20180123,NULL,NULL),(2694,585,286,1,20180121,NULL,NULL),(2695,581,286,1,20180116,NULL,NULL),(2696,672,287,1,20180118,NULL,NULL),(2697,547,287,1,20180122,NULL,NULL),(2698,695,288,1,20180117,NULL,NULL),(2699,664,288,1,20180117,NULL,NULL),(2700,637,288,1,20180117,NULL,NULL),(2701,638,288,1,20180117,NULL,NULL),(2702,567,290,1,20180123,NULL,NULL),(2703,760,290,1,20180123,NULL,NULL),(2704,598,291,1,20180116,NULL,NULL),(2705,721,291,1,20180117,NULL,NULL),(2706,523,292,1,20180122,NULL,NULL),(2707,754,292,1,20180124,NULL,NULL),(2708,605,292,1,20180122,NULL,NULL),(2709,566,292,1,20180127,NULL,NULL),(2710,690,292,1,20180127,NULL,NULL),(2711,654,292,1,20180123,NULL,NULL),(2712,597,293,1,20180124,NULL,NULL),(2713,781,293,1,20180125,NULL,NULL),(2714,586,293,1,20180125,NULL,NULL),(2715,685,293,1,20180125,NULL,NULL),(2716,741,293,1,20180123,NULL,NULL),(2717,532,294,1,20180203,NULL,NULL),(2718,642,294,1,20180205,NULL,NULL),(2719,663,294,1,20180204,NULL,NULL),(2720,655,295,1,20180127,NULL,NULL),(2721,644,295,1,20180125,NULL,NULL),(2722,522,295,1,20180126,NULL,NULL),(2723,738,296,1,20180124,NULL,NULL),(2724,714,296,1,20180127,NULL,NULL),(2725,629,296,1,20180125,NULL,NULL),(2726,736,297,1,20180117,NULL,NULL),(2727,546,297,1,20180120,NULL,NULL),(2728,734,298,1,20180207,NULL,NULL),(2729,776,298,1,20180207,NULL,NULL),(2730,733,298,1,20180209,NULL,NULL),(2731,591,298,1,20180209,NULL,NULL),(2732,578,298,1,20180210,NULL,NULL),(2733,765,298,1,20180214,NULL,NULL),(2734,564,298,1,20180208,NULL,NULL),(2735,729,299,1,20180120,NULL,NULL),(2736,623,299,1,20180120,NULL,NULL),(2737,692,299,1,20180121,NULL,NULL),(2738,767,300,1,20180128,NULL,NULL),(2739,756,300,1,20180128,NULL,NULL),(2740,603,301,1,20180214,NULL,NULL),(2741,533,301,1,20180214,NULL,NULL),(2742,560,301,1,20180215,NULL,NULL),(2743,538,301,1,20180213,NULL,NULL),(2744,636,302,1,20180124,NULL,NULL),(2745,719,302,1,20180120,NULL,NULL),(2746,602,302,1,20180123,NULL,NULL),(2747,575,303,1,20180114,NULL,NULL),(2748,606,303,1,20180120,NULL,NULL),(2749,610,303,1,20180111,NULL,NULL),(2750,769,304,1,20180209,NULL,NULL),(2751,650,304,1,20180206,NULL,NULL),(2752,730,304,1,20180209,NULL,NULL),(2753,529,304,1,20180215,NULL,NULL),(2754,784,305,1,20180119,NULL,NULL),(2755,705,306,1,20180226,NULL,NULL),(2756,555,306,1,20180228,NULL,NULL),(2757,775,306,1,20180224,NULL,NULL),(2758,777,307,1,20180219,NULL,NULL),(2759,517,307,1,20180220,NULL,NULL),(2760,624,307,1,20180220,NULL,NULL),(2761,710,307,1,20180218,NULL,NULL),(2762,647,307,1,20180223,NULL,NULL),(2763,545,308,1,20180223,NULL,NULL),(2764,534,308,1,20180220,NULL,NULL),(2765,583,309,1,20180228,NULL,NULL),(2766,619,309,1,20180219,NULL,NULL),(2767,557,309,1,20180217,NULL,NULL),(2768,681,310,1,20180203,NULL,NULL),(2769,771,311,1,20180115,NULL,NULL),(2770,625,311,1,20180118,NULL,NULL),(2771,758,311,1,20180116,NULL,NULL),(2772,627,312,1,20180111,NULL,NULL),(2773,571,312,1,20180112,NULL,NULL),(2774,618,312,1,20180109,NULL,NULL),(2775,780,312,1,20180110,NULL,NULL),(2776,537,313,1,20180223,NULL,NULL),(2777,612,313,1,20180218,NULL,NULL),(2778,739,313,1,20180219,NULL,NULL),(2779,565,314,1,20180211,NULL,NULL),(2780,691,314,1,20180207,NULL,NULL),(2781,519,315,1,20180204,NULL,NULL),(2782,778,315,1,20180203,NULL,NULL),(2783,640,315,1,20180208,NULL,NULL),(2784,699,315,1,20180207,NULL,NULL),(2785,601,316,1,20180202,NULL,NULL),(2786,677,316,1,20180208,NULL,NULL),(2787,527,317,1,20180120,NULL,NULL),(2788,753,317,1,20180121,NULL,NULL),(2789,630,317,1,20180119,NULL,NULL),(2790,720,317,1,20180124,NULL,NULL),(2791,549,317,1,20180120,NULL,NULL),(2792,590,318,1,20180117,NULL,NULL),(2793,536,318,1,20180115,NULL,NULL),(2794,548,318,1,20180116,NULL,NULL),(2795,595,319,1,20180122,NULL,NULL),(2796,728,319,1,20180127,NULL,NULL),(2797,707,320,1,20180125,NULL,NULL),(2798,641,320,1,20180126,NULL,NULL),(2799,694,321,1,20180124,NULL,NULL),(2800,628,321,1,20180124,NULL,NULL),(2801,518,322,1,20180122,NULL,NULL),(2802,577,322,1,20180125,NULL,NULL),(2803,689,323,1,20180119,NULL,NULL),(2804,718,323,1,20180115,NULL,NULL),(2805,702,323,1,20180116,NULL,NULL),(2806,752,323,1,20180117,NULL,NULL),(2807,616,323,1,20180117,NULL,NULL),(2808,658,324,1,20180113,NULL,NULL),(2809,652,324,1,20180113,NULL,NULL),(2810,594,324,1,20180112,NULL,NULL),(2811,559,325,1,20180227,NULL,NULL),(2812,761,325,1,20180227,NULL,NULL),(2813,579,325,1,20180228,NULL,NULL),(2814,715,325,1,20180304,NULL,NULL),(2815,524,325,1,20180227,NULL,NULL),(2816,626,326,1,20180111,NULL,NULL),(2817,531,326,1,20180112,NULL,NULL),(2818,726,327,1,20180131,NULL,NULL),(2819,783,327,1,20180131,NULL,NULL),(2820,526,327,1,20180131,NULL,NULL),(2821,773,327,1,20180201,NULL,NULL),(2822,614,327,1,20180131,NULL,NULL),(2823,667,328,1,20180121,NULL,NULL),(2824,656,328,1,20180121,NULL,NULL),(2825,569,328,1,20180120,NULL,NULL),(2826,668,328,1,20180120,NULL,NULL),(2827,596,329,1,20180123,NULL,NULL),(2828,669,329,1,20180120,NULL,NULL),(2829,608,329,1,20180121,NULL,NULL),(2830,528,329,1,20180119,NULL,NULL),(2831,615,330,1,20180112,NULL,NULL),(2832,770,331,1,20180124,NULL,NULL),(2833,635,332,1,20180119,NULL,NULL),(2834,543,333,1,20180127,NULL,NULL),(2835,772,333,1,20180126,NULL,NULL),(2836,639,333,1,20180126,NULL,NULL),(2837,713,333,1,20180127,NULL,NULL),(2838,521,334,1,20180209,NULL,NULL),(2839,698,334,1,20180210,NULL,NULL),(2840,584,334,1,20180208,NULL,NULL),(2841,746,334,1,20180214,NULL,NULL),(2842,708,335,1,20180114,NULL,NULL),(2843,573,335,1,20180115,NULL,NULL),(2844,759,335,1,20180116,NULL,NULL),(2845,742,335,1,20180115,NULL,NULL),(2846,697,335,1,20180115,NULL,NULL),(2847,648,335,1,20180114,NULL,NULL),(2848,703,337,1,20180127,NULL,NULL),(2849,634,337,1,20180124,NULL,NULL),(2850,740,338,1,20180116,NULL,NULL),(2851,525,338,1,20180117,NULL,NULL),(2852,723,339,1,20180115,NULL,NULL),(2853,751,339,1,20180117,NULL,NULL),(2854,711,339,1,20180118,NULL,NULL),(2855,570,339,1,20180115,NULL,NULL),(2856,599,340,1,20180208,NULL,NULL),(2857,735,340,1,20180208,NULL,NULL),(2858,686,340,1,20180209,NULL,NULL),(2859,725,340,1,20180207,NULL,NULL),(2860,609,340,1,20180208,NULL,NULL),(2861,731,340,1,20180207,NULL,NULL),(2862,568,341,1,20180201,NULL,NULL),(2863,696,342,1,20180113,NULL,NULL),(2864,620,342,1,20180116,NULL,NULL),(2865,712,343,1,20180211,NULL,NULL),(2866,687,343,1,20180207,NULL,NULL),(2867,611,343,1,20180208,NULL,NULL),(2868,604,343,1,20180208,NULL,NULL),(2869,649,344,1,20180217,NULL,NULL),(2870,653,345,1,20180123,NULL,NULL),(2871,645,345,1,20180123,NULL,NULL),(2872,574,345,1,20180125,NULL,NULL),(2873,683,346,1,20180218,NULL,NULL),(2874,673,347,1,20180114,NULL,NULL),(2875,520,347,1,20180116,NULL,NULL),(2876,747,347,1,20180116,NULL,NULL),(2877,757,347,1,20180111,NULL,NULL),(2878,540,347,1,20180111,NULL,NULL),(2879,700,259,2,20180125,NULL,NULL),(2880,593,261,2,20180124,NULL,NULL),(2881,558,261,2,20180128,NULL,NULL),(2882,530,262,2,20180129,NULL,NULL),(2883,576,262,2,20180204,NULL,NULL),(2884,688,262,2,20180201,NULL,NULL),(2885,661,264,2,20180223,NULL,NULL),(2886,582,264,2,20180227,NULL,NULL),(2887,722,265,2,20180201,NULL,NULL),(2888,750,265,2,20180204,NULL,NULL),(2889,535,266,2,20180301,NULL,NULL),(2890,716,266,2,20180224,NULL,NULL),(2891,660,269,2,20180207,NULL,NULL),(2892,659,271,2,20180116,NULL,NULL),(2893,666,271,2,20180119,NULL,NULL),(2894,550,271,2,20180115,NULL,NULL),(2895,631,272,2,20180207,NULL,NULL),(2896,632,272,2,20180206,NULL,NULL),(2897,572,274,2,20180225,NULL,NULL),(2898,542,275,2,20180206,NULL,NULL),(2899,737,275,2,20180207,NULL,NULL),(2900,768,276,2,20180224,NULL,NULL),(2901,662,277,2,20180201,NULL,NULL),(2902,766,278,2,20180131,NULL,NULL),(2903,675,279,2,20180112,NULL,NULL),(2904,621,280,2,20180116,NULL,NULL),(2905,706,280,2,20180116,NULL,NULL),(2906,607,280,2,20180116,NULL,NULL),(2907,764,280,2,20180116,NULL,NULL),(2908,657,281,2,20180127,NULL,NULL),(2909,563,283,2,20180123,NULL,NULL),(2910,539,286,2,20180120,NULL,NULL),(2911,561,286,2,20180124,NULL,NULL),(2912,672,287,2,20180119,NULL,NULL),(2913,547,287,2,20180125,NULL,NULL),(2914,567,290,2,20180125,NULL,NULL),(2915,760,290,2,20180126,NULL,NULL),(2916,598,291,2,20180120,NULL,NULL),(2917,754,292,2,20180127,NULL,NULL),(2918,605,292,2,20180125,NULL,NULL),(2919,566,292,2,20180130,NULL,NULL),(2920,654,292,2,20180124,NULL,NULL),(2921,597,293,2,20180127,NULL,NULL),(2922,586,293,2,20180127,NULL,NULL),(2923,741,293,2,20180125,NULL,NULL),(2924,532,294,2,20180205,NULL,NULL),(2925,642,294,2,20180206,NULL,NULL),(2926,714,296,2,20180131,NULL,NULL),(2927,776,298,2,20180208,NULL,NULL),(2928,767,300,2,20180130,NULL,NULL),(2929,756,300,2,20180201,NULL,NULL),(2930,603,301,2,20180215,NULL,NULL),(2931,560,301,2,20180218,NULL,NULL),(2932,636,302,2,20180127,NULL,NULL),(2933,602,302,2,20180126,NULL,NULL),(2934,575,303,2,20180115,NULL,NULL),(2935,606,303,2,20180121,NULL,NULL),(2936,650,304,2,20180208,NULL,NULL),(2937,730,304,2,20180213,NULL,NULL),(2938,529,304,2,20180216,NULL,NULL),(2939,784,305,2,20180124,NULL,NULL),(2940,555,306,2,20180304,NULL,NULL),(2941,710,307,2,20180222,NULL,NULL),(2942,647,307,2,20180225,NULL,NULL),(2943,545,308,2,20180226,NULL,NULL),(2944,583,309,2,20180302,NULL,NULL),(2945,557,309,2,20180218,NULL,NULL),(2946,771,311,2,20180118,NULL,NULL),(2947,627,312,2,20180114,NULL,NULL),(2948,618,312,2,20180113,NULL,NULL),(2949,780,312,2,20180113,NULL,NULL),(2950,537,313,2,20180224,NULL,NULL),(2951,565,314,2,20180214,NULL,NULL),(2952,640,315,2,20180210,NULL,NULL),(2953,601,316,2,20180205,NULL,NULL),(2954,753,317,2,20180124,NULL,NULL),(2955,549,317,2,20180123,NULL,NULL),(2956,595,319,2,20180125,NULL,NULL),(2957,728,319,2,20180129,NULL,NULL),(2958,707,320,2,20180127,NULL,NULL),(2959,689,323,2,20180123,NULL,NULL),(2960,718,323,2,20180117,NULL,NULL),(2961,594,324,2,20180113,NULL,NULL),(2962,559,325,2,20180302,NULL,NULL),(2963,761,325,2,20180303,NULL,NULL),(2964,579,325,2,20180303,NULL,NULL),(2965,715,325,2,20180306,NULL,NULL),(2966,526,327,2,20180201,NULL,NULL),(2967,773,327,2,20180204,NULL,NULL),(2968,569,328,2,20180124,NULL,NULL),(2969,596,329,2,20180126,NULL,NULL),(2970,669,329,2,20180123,NULL,NULL),(2971,528,329,2,20180121,NULL,NULL),(2972,770,331,2,20180126,NULL,NULL),(2973,635,332,2,20180123,NULL,NULL),(2974,772,333,2,20180128,NULL,NULL),(2975,521,334,2,20180212,NULL,NULL),(2976,698,334,2,20180212,NULL,NULL),(2977,573,335,2,20180118,NULL,NULL),(2978,740,338,2,20180119,NULL,NULL),(2979,723,339,2,20180119,NULL,NULL),(2980,751,339,2,20180118,NULL,NULL),(2981,599,340,2,20180210,NULL,NULL),(2982,735,340,2,20180210,NULL,NULL),(2983,686,340,2,20180211,NULL,NULL),(2984,731,340,2,20180210,NULL,NULL),(2985,604,343,2,20180211,NULL,NULL),(2986,574,345,2,20180126,NULL,NULL),(2987,683,346,2,20180222,NULL,NULL),(2988,757,347,2,20180114,NULL,NULL),(2989,558,261,3,20180131,NULL,NULL),(2990,576,262,3,20180207,NULL,NULL),(2991,750,265,3,20180205,NULL,NULL),(2992,737,275,3,20180209,NULL,NULL),(2993,662,277,3,20180204,NULL,NULL),(2994,766,278,3,20180202,NULL,NULL),(2995,621,280,3,20180120,NULL,NULL),(2997,657,281,3,20180130,NULL,NULL),(2998,561,286,3,20180124,NULL,NULL),(2999,566,292,3,20180201,NULL,NULL),(3000,636,302,3,20180129,NULL,NULL),(3001,606,303,3,20180126,NULL,NULL),(3002,529,304,3,20180219,NULL,NULL),(3003,545,308,3,20180228,NULL,NULL),(3004,771,311,3,20180121,NULL,NULL),(3005,627,312,3,20180117,NULL,NULL),(3007,640,315,3,20180212,NULL,NULL),(3008,595,319,3,20180128,NULL,NULL),(3009,689,323,3,20180125,NULL,NULL),(3010,761,325,3,20180305,NULL,NULL),(3012,596,329,3,20180128,NULL,NULL),(3014,573,335,3,20180122,NULL,NULL),(3015,751,339,3,20180123,NULL,NULL),(3016,683,346,3,20180225,NULL,NULL),(3017,757,347,3,20180115,NULL,NULL),(3018,558,261,4,20180202,NULL,NULL),(3019,576,262,4,20180208,NULL,NULL),(3020,750,265,4,20180210,NULL,NULL),(3021,737,275,4,20180210,NULL,NULL),(3022,662,277,4,20180205,NULL,NULL),(3023,766,278,4,20180202,NULL,NULL),(3024,621,280,4,20180123,NULL,NULL),(3025,706,280,5,20180120,NULL,NULL),(3026,657,281,4,20180201,NULL,NULL),(3027,561,286,4,20180126,NULL,NULL),(3028,566,292,4,20180202,NULL,NULL),(3029,636,302,4,20180129,NULL,NULL),(3030,606,303,4,20180126,NULL,NULL),(3031,529,304,4,20180224,NULL,NULL),(3032,545,308,4,20180303,NULL,NULL),(3033,771,311,4,20180122,NULL,NULL),(3034,627,312,4,20180119,NULL,NULL),(3036,640,315,4,20180213,NULL,NULL),(3037,595,319,4,20180128,NULL,NULL),(3038,689,323,4,20180127,NULL,NULL),(3039,761,325,4,20180307,NULL,NULL),(3040,715,325,5,20180310,NULL,NULL),(3041,596,329,4,20180130,NULL,NULL),(3042,669,329,5,20180128,NULL,NULL),(3043,573,335,4,20180123,NULL,NULL),(3044,751,339,4,20180127,NULL,NULL),(3045,683,346,4,20180226,NULL,NULL),(3046,757,347,4,20180118,NULL,NULL),(3047,593,261,5,20180127,NULL,3),(3048,688,262,5,20180205,NULL,1),(3049,661,264,5,20180226,NULL,2),(3050,582,264,5,20180302,NULL,3),(3051,659,271,5,20180118,NULL,3),(3052,631,272,5,20180210,NULL,2),(3053,572,274,5,20180226,NULL,2),(3054,542,275,5,20180208,NULL,2),(3055,768,276,5,20180226,NULL,4),(3056,764,280,5,20180120,NULL,1),(3057,563,283,5,20180126,NULL,4),(3058,539,286,5,20180122,NULL,1),(3059,547,287,5,20180127,NULL,1),(3060,760,290,5,20180129,NULL,1),(3061,598,291,5,20180123,NULL,3),(3062,532,294,5,20180208,NULL,1),(3063,756,300,5,20180203,NULL,1),(3064,603,301,5,20180217,NULL,1),(3065,555,306,5,20180307,NULL,4),(3066,710,307,5,20180223,NULL,2),(3067,728,319,5,20180130,NULL,4),(3068,526,327,5,20180204,NULL,4),(3069,773,327,5,20180205,NULL,4),(3070,528,329,5,20180124,NULL,3),(3071,772,333,5,20180129,NULL,2),(3072,599,340,5,20180211,NULL,1),(3074,593,262,1,20180301,NULL,NULL),(3075,674,258,2,20180123,'sin comentarios',0),(3076,617,258,2,20180122,'sin comentarios',0),(3077,651,258,2,20180116,'sin comentarios',0),(3078,587,258,2,20180130,'sin comentarios',0),(3079,684,258,2,20180124,'sin comentarios',0),(3080,674,258,3,20180124,'sin comentarios',0),(3081,541,270,5,20180403,'sin comentarios',0),(3082,770,331,3,20180129,'sin comentarios',0),(3085,770,331,4,20180129,'sin comentarios',0),(3086,651,258,5,20180130,'sin comentarios',2),(3087,674,258,4,20180130,'sin comentarios',0),(3090,1029,263,1,20180215,NULL,NULL),(3091,1029,263,2,20180215,'sin comentarios',0),(3092,666,271,6,20180122,'sin comentarios',0),(3093,666,271,3,20180129,'sin comentarios',0),(3094,580,270,2,20180220,'sin comentarios',0);

/*Table structure for table `vacantes_nombre` */

DROP TABLE IF EXISTS `vacantes_nombre`;

CREATE TABLE `vacantes_nombre` (
  `id` bigint(20) NOT NULL AUTO_INCREMENT,
  `nombre` text NOT NULL COMMENT 'nombre del puesto',
  `baja` char(1) DEFAULT '0',
  PRIMARY KEY (`id`)
) ENGINE=InnoDB AUTO_INCREMENT=2 DEFAULT CHARSET=latin1;

/*Data for the table `vacantes_nombre` */

insert  into `vacantes_nombre`(`id`,`nombre`,`baja`) values (1,'Ayudante General','0');

/*Table structure for table `vacantes_procesos` */

DROP TABLE IF EXISTS `vacantes_procesos`;

CREATE TABLE `vacantes_procesos` (
  `id` bigint(20) NOT NULL AUTO_INCREMENT COMMENT 'id',
  `nombre` text NOT NULL COMMENT 'nombre del proceso',
  `orden` int(11) NOT NULL DEFAULT '0' COMMENT 'orden de proceso',
  `cierra_proceso` tinyint(1) DEFAULT '0' COMMENT 'si es fin de proceso - pueden ser varios',
  `cierra_vacante` tinyint(4) DEFAULT '0',
  `comment` text,
  `baja` char(1) DEFAULT '0',
  PRIMARY KEY (`id`)
) ENGINE=InnoDB AUTO_INCREMENT=7 DEFAULT CHARSET=latin1;

/*Data for the table `vacantes_procesos` */

insert  into `vacantes_procesos`(`id`,`nombre`,`orden`,`cierra_proceso`,`cierra_vacante`,`comment`,`baja`) values (1,'Solicitud',1,0,0,'Debe existir, aqui inicia el proceso (obligatorio)','0'),(2,'Entrevista',2,0,0,NULL,'0'),(3,'Contrato',4,0,0,NULL,'0'),(4,'Ingreso',5,1,1,'Debe existir, aqui se llena la vacante del proceso (obligatorio)','0'),(5,'Rechazo',6,1,0,'Debe existir, aqui son lo rechazos el proceso (obligatorio)','0'),(6,'Prueba',3,0,0,NULL,'0');

/*Table structure for table `vacantes_status` */

DROP TABLE IF EXISTS `vacantes_status`;

CREATE TABLE `vacantes_status` (
  `id` bigint(20) NOT NULL AUTO_INCREMENT,
  `nombre` text,
  PRIMARY KEY (`id`)
) ENGINE=InnoDB AUTO_INCREMENT=3 DEFAULT CHARSET=latin1;

/*Data for the table `vacantes_status` */

insert  into `vacantes_status`(`id`,`nombre`) values (1,'Abierta'),(2,'Cerrada');

/*!40101 SET SQL_MODE=@OLD_SQL_MODE */;
/*!40014 SET FOREIGN_KEY_CHECKS=@OLD_FOREIGN_KEY_CHECKS */;
/*!40014 SET UNIQUE_CHECKS=@OLD_UNIQUE_CHECKS */;
/*!40111 SET SQL_NOTES=@OLD_SQL_NOTES */;
