/*
SQLyog Ultimate v9.63 
MySQL - 5.7.21-0ubuntu0.16.04.1 : Database - intelRecruit-Demo
*********************************************************************
*/

/*!40101 SET NAMES utf8 */;

/*!40101 SET SQL_MODE=''*/;

/*!40014 SET @OLD_UNIQUE_CHECKS=@@UNIQUE_CHECKS, UNIQUE_CHECKS=0 */;
/*!40014 SET @OLD_FOREIGN_KEY_CHECKS=@@FOREIGN_KEY_CHECKS, FOREIGN_KEY_CHECKS=0 */;
/*!40101 SET @OLD_SQL_MODE=@@SQL_MODE, SQL_MODE='NO_AUTO_VALUE_ON_ZERO' */;
/*!40111 SET @OLD_SQL_NOTES=@@SQL_NOTES, SQL_NOTES=0 */;
CREATE DATABASE /*!32312 IF NOT EXISTS*/`intelRecruit-Demo` /*!40100 DEFAULT CHARACTER SET latin1 */;

USE `intelRecruit-Demo`;

/*Table structure for table `c_escolaridad` */

DROP TABLE IF EXISTS `c_escolaridad`;

CREATE TABLE `c_escolaridad` (
  `id` INT(11) NOT NULL AUTO_INCREMENT,
  `nombre` TEXT NOT NULL,
  PRIMARY KEY (`id`)
) ENGINE=INNODB AUTO_INCREMENT=14 DEFAULT CHARSET=latin1;

/*Data for the table `c_escolaridad` */

insert  into `c_escolaridad`(`id`,`nombre`) values (1,'ninguna'),(2,'primaria'),(3,'secundaria'),(4,'bachillerato'),(5,'TSU'),(6,'licenciatura'),(7,'maestria'),(8,'doctorado/ post-doctorado'),(9,'preparatoria trunca'),(10,'licenciatura truca'),(11,'secundaria trunca'),(12,'primaria trunca'),(13,'estudiante');

/*Table structure for table `c_sexo` */

DROP TABLE IF EXISTS `c_sexo`;

CREATE TABLE `c_sexo` (
  `id` int(11) NOT NULL AUTO_INCREMENT,
  `nombre` text NOT NULL,
  PRIMARY KEY (`id`)
) ENGINE=InnoDB AUTO_INCREMENT=4 DEFAULT CHARSET=latin1;

/*Data for the table `c_sexo` */

insert  into `c_sexo`(`id`,`nombre`) values (1,'femenino'),(2,'masculino'),(3,'No contesto');

/*Table structure for table `candidatos` */

DROP TABLE IF EXISTS `candidatos`;

CREATE TABLE `candidatos` (
  `id` bigint(20) NOT NULL AUTO_INCREMENT,
  `nombre` text NOT NULL,
  `direccion` text,
  `cp` int(11) NOT NULL,
  `fecha_nacimiento` bigint(20) NOT NULL,
  `id_sexo` char(1) NOT NULL,
  `id_escolaridad` int(11) NOT NULL,
  `id_medio` int(11) NOT NULL,
  PRIMARY KEY (`id`)
) ENGINE=InnoDB AUTO_INCREMENT=1024 DEFAULT CHARSET=latin1;

/*Data for the table `candidatos` */

insert  into `candidatos`(`id`,`nombre`,`direccion`,`cp`,`fecha_nacimiento`,`id_sexo`,`id_escolaridad`,`id_medio`) values (514,'LUIS ESPINOSA','',37235,19790328,'2',6,10),(515,'ERIKA VANESSA SANCHEZ GARCIA','',37698,19880801,'1',3,13),(516,'JHOANA MARLEN VENEGAS SAUCEDO','',37922,19850630,'1',1,13),(517,'LAURA ELENA VELAZQUEZ ZUÑIGA','',37684,19940629,'1',1,13),(518,'JAZMIN VIRIDIANA GODINEZ NARVAEZ','',37376,19920624,'2',3,13),(519,'JESUS MANUEL','',37777,19911208,'2',1,13),(520,'AXEL ISAAC ARAIZA BARRON','',37177,19870322,'2',3,13),(521,'FRANCISCO JAVIER GONZALEZ GONZALEZ','',37739,19940430,'2',3,13),(522,'JORGE GUADALUPE HERNANDEZ PEREZ','',37870,19960427,'2',3,13),(523,'JUAN SAUL DURAN ','',37517,19951017,'1',4,13),(524,'ALICIA NATZALY GONZALEZ GARCIA','',37408,19871104,'1',1,13),(525,'KARLA IVETTE LANDEROS CASTAÑEDA','',37912,20001025,'1',5,13),(526,'NIDIA AYDALHI RIVERA JASSO','',37499,19880216,'1',4,13),(527,'VIRGINIA PEREZ','',37548,19960806,'1',1,13),(528,'LUZ ISAURA ORTEGA MARQUEZ','',37773,19900317,'2',1,13),(529,'JOSE LUIS BARRIETOS MILLAN','',37233,19880920,'2',3,13),(530,'CARLOS JESUS CHAVEZ MARES ','',37090,19851006,'2',1,3),(531,'RICARDO SALVADOR BARRIENTOS GALLEGOS','',37588,20000929,'2',1,3),(532,'ALEJANDRO RIOS SANCHEZ','',37946,19970518,'1',1,3),(533,'ALICIA DEL ROCIO JARAMILLO NUÑEZ','',37858,19960914,'1',1,3),(534,'MARIA SANJUANA HERNANDEZ GOMEZ','',37339,19900103,'2',3,3),(535,'JUAN ARMANDO VALENCIA LUNA','',37479,20010621,'1',1,3),(536,'MARIA DE JESUS ANTONIA PAREDES RODRIGUEZ','',37403,19880427,'1',4,3),(537,'ELVIA MARTINEZ RODRIGUEZ','',37283,19960729,'2',1,6),(538,'MARIO SANCHEZ ','',37929,19900615,'1',1,6),(539,'JUDITH ARACELI JUAREZ NUÑEZ','',37388,19940508,'2',3,6),(540,'MIGUEL ANGEL HERNANDEZ TRIANA','',37037,19930528,'1',3,3),(541,'JAMILET REINA RODRIGUEZ GONZALEZ','',37250,19971202,'2',3,3),(542,'LUIS MANUEL HERRERA MENCHACA','',37625,19910815,'2',3,3),(543,'SERGIO DE JESUS RANGEL CABRERA','',37711,19870802,'1',3,3),(544,'ROSA EUGENIA GARCIA AYALA','',37159,19920514,'1',4,3),(545,'JUANA ARIADNA VILLALOBOS VELAZQUEZ','',37400,19940623,'1',9,3),(546,'ARLETTE JOSEFINA HERNANDEZ GONZALEZ','',37841,19930201,'2',3,3),(547,'MIGUEL ANGEL JUAREZ TRIANA','',37135,19950822,'1',3,10),(548,'ELOISA SANCHEZ RANGEL','',37830,20010124,'1',3,3),(549,'JESSICA ADRIANA MORALES GARCIA','',37438,20010413,'2',3,3),(550,'MIGUEL ANGEL TORRES PEREZ','',37223,19980129,'1',9,3),(551,'MARIA INES CHAVEZ VAZQUEZ','',37046,19910227,'2',3,3),(552,'JAIRO JAVIER MARIN PEREZ','',37621,19870628,'1',3,6),(553,'MARTHA ELENA MOSQUEDA LOZANO','',37407,20001216,'1',3,6),(554,'MARIA AURORA CHAVEZ PEÑUELAS','',37799,19900709,'2',3,6),(555,'KEVIN CIRILO SOTO VELAZQUEZ','',37345,20000406,'1',3,6),(556,'SANDRA INES PEREZ MARTINEZ','',37221,19910110,'1',3,6),(557,'MARIA ISABEL GARCIA HERNANDEZ','',37282,19951124,'2',3,2),(558,'JUAN NICOLAS EMMANUEL FRIAS MONTOYA','',37704,19861021,'2',10,6),(559,'OMAR LEON MORALES','',37154,20011105,'2',13,3),(560,'ANTONIO DE JESUS TORRES FUENTES','',37814,20020320,'2',6,3),(561,'JESUS ALEJANDRO MORENO ALONSO','',37286,20020527,'1',13,3),(562,'MARGARITA AGUILERA SANCHEZ','',37108,19880301,'1',3,3),(563,'BRENDA VIVIANA VALADEZ ROMERO','',37004,20020126,'2',3,3),(564,'ERICK FERNANDO PRADO PONCE','',37961,19930809,'2',3,3),(565,'JAIME ALEJANDRO ZARAGOZA ZAVALA','',37449,19930401,'2',3,3),(566,'JUAN DANIEL ARRONA DOMINGUEZ','',37657,19880304,'1',3,10),(567,'MA CRISTINA BECERRA VAZQUEZ','',37204,19990820,'2',3,3),(568,'ADRIAN ISAAC LOPEZ MORALES','',37154,20020414,'1',9,10),(569,'MARIA NICOLASA AMADOR ARAUJO','',37487,19930320,'1',9,3),(570,'GEMMA ISABEL ZUÑIGA MARTINEZ','',37668,19960505,'1',3,6),(571,'ROSALIA CAMACHO ZAMBRANO','',37898,19851012,'2',4,6),(572,'VICTOR MIGUEL HERNANDEZ GUZMAN','',37426,19850816,'1',3,13),(573,'ALICIA DOMINGUEZ RUBALCABA','',37471,19890517,'1',1,3),(574,'LUZ NATALIA GONZALEZ CAUDILLO','',37446,19860816,'1',9,1),(575,'LAURA BARRERA ZUÑIGA','',37092,19990311,'1',3,4),(576,'NORMA PATRICIA PALMA SANCHEZ','',37145,19971023,'2',1,13),(577,'EFREN LICONA CASTELAN','',37610,19910420,'1',3,13),(578,'LUISA ITZEL MORADO AGUILAR','',37449,19900519,'1',1,13),(579,'IVONNE ALEJANDRA CASTAÑEDA VAZQUEZ','',37635,19970521,'2',1,13),(580,'GERARDO ENRIQUE CHAVEZ ROSALES','',37590,19890914,'1',1,13),(581,'ERIKA DEL ROCIO RODRIGUEZ CRUZ','',37482,19970901,'1',1,13),(582,'BLANCA ESTRELLA DE JESUS MELGOZA MEDINA','',37614,20000412,'1',3,13),(583,'JUANA PATRICIA DELGADO ARROYO','',37984,19850922,'1',1,13),(584,'JUANA VERONICA LUNA MARTINEZ','',37434,19930514,'1',3,13),(585,'LAURA ESCAMILLA GONZALEZ','',37121,19971001,'2',3,13),(586,'LUIS ADRIAN CRUZ ','',37964,19920215,'1',3,3),(587,'MARIA MINERVA PINEDA DIAZ','',37054,19880907,'1',4,3),(588,'MARINA ESCOBAR ROBLEDO','',37590,19911126,'1',3,13),(589,'LUZ ADRIANA REYNOSO PEREZ','',37103,19950220,'1',1,13),(590,'MARIA LOURDES MEDINA AVILA','',37506,20000210,'1',1,13),(591,'JUANA ARACELI ESPINOZA CASTILLO','',37483,19900727,'1',3,13),(592,'MARIA GUADALUPE BARCO GARCIA','',37824,19871116,'1',10,13),(593,'ANA CRISTINA BECERRA ORTIZ','',37057,19910118,'1',3,3),(594,'MARIA DE LOURDES ESTRADA JASSO','',37910,19890307,'1',1,13),(595,'BEATRIZ IRENE ECHEVERRIA SANCHEZ','',37528,19851203,'1',1,3),(596,'DULCE MARIA OLVERA CORTEZ','',37250,19940826,'1',1,10),(597,'CAROLINA PIÑA CABRERA','',37255,19951016,'1',1,3),(598,'PATRICIA LUNA BARAJAS','',37156,20001007,'2',1,3),(599,'JONATHAN DE JESUS LEDEZMA CASTRO','',37880,19910414,'1',1,3),(600,'PADUA BETHSABETH NADER DE ANDA','',37495,19960525,'1',4,3),(601,'SANDRA VERONICA OLAEZ GARCIA','',37314,20001108,'1',3,10),(602,'SARA VALERIA OLIVA ORTEGA','',37090,19950911,'1',3,9),(603,'SANJUANA JOSEFINA MORENO','',37961,20010914,'1',1,11),(604,'MARIA LUISA SALAZAR PRADO','',37134,19920608,'2',4,11),(605,'FRANCISCO JAVIER VIEYRA BARCENAS','',37391,20010708,'2',4,3),(606,'LUIS ALBERTO CUELLAS POMPA','',37350,19890627,'2',9,3),(607,'EMANUEL LAZARO RAMOS','',37944,19921113,'2',4,3),(608,'JULIO CESAR BAENA GUTIERREZ','',37333,20010102,'1',4,11),(609,'MARIA MONJARAZ ALEMAN','',37556,19920415,'1',3,3),(610,'MARIA ANGELICA RUIZ LANGO','',37496,19900825,'1',3,2),(611,'SUSANA BERENICE PONCE RAMOS','',37934,19940713,'1',9,8),(612,'BETZAYDA AVILA GUERRERO','',37759,20020419,'2',9,3),(613,'ALBERTO ALEXIS BARRON NAVARRO','',37690,19960124,'1',4,2),(614,'BERENICE ALVAREZ RAMIREZ','',37746,19990820,'1',9,2),(615,'LESLI ALEJANDRA COLORADO RAMIREZ','',37471,19920326,'1',9,2),(616,'MARIA DEL CARMEN ARGOTE JUAREZ','',37798,20020823,'2',9,13),(617,'ISAAC ROBERTO BARAJAS HORTA','',37758,19980129,'1',9,11),(618,'MARISELA DEL SOCORRO RODRIGUEZ MANDUJANO','',37433,20020813,'1',3,11),(619,'ALEJANDRA NUÑEZ CAMARGO','',37725,20000612,'1',3,2),(620,'ZAYRA VERONICA CLAUDIO ESPINOZA','',37548,20021207,'1',3,11),(621,'ANA LUZ GUEVARA NAVARRO','',37387,19860629,'1',4,3),(622,'ANA KAREN PIÑA NACHEZ','',37266,19850526,'1',3,3),(623,'CECILIA MONTSERRAT RAMIREZ GOMEZ','',37335,19941107,'1',4,3),(624,'VALERIA BERENICE RIVERA MEDINA','',37803,19891029,'2',5,3),(625,'LUIS OMAR HERRERA','',37939,20020403,'2',3,10),(626,'JAIRO ANTONIO AVILES RAMIREZ','',37272,19930609,'2',9,3),(627,'ANTONIO MIGUEL BUZO RUIZ','',37845,19940811,'1',13,3),(628,'DANY MARIA MONSERRAT RAMIREZ ALVAREZ','',37195,19980624,'2',4,10),(629,'LUIS GERARDO RIVERA LOPEZ','',37412,19991226,'2',3,3),(630,'ESTIBER OMAR MALDONADO GARCIA','',37996,19931019,'1',4,3),(631,'CECILIA REYES MONDRAGON','',37935,19930513,'1',3,3),(632,'ELISA GIOVANNA MALDONADO SANCHEZ','',37974,19970621,'2',4,3),(633,'DIEGO GAEL RAMIREZ BELMONTES','',37052,19970928,'1',3,3),(634,'LETICIA RAMOS CERRILLO','',37090,19940512,'2',3,3),(635,'IRVIN MEDINA','',37449,19910216,'1',4,3),(636,'YESICA GUADALUPE AGUILAR SANTILLAN','',37421,19940121,'1',3,3),(637,'BEATRIZ ADRIANA RODRIGUEZ RAMIREZ','',37000,19861014,'1',1,13),(638,'MARIA CONCEPCIÓN HERNÁNDEZ SOTELO','',37215,19870509,'2',9,13),(639,'JOSE DE JESUS NAVA HERNANDEZ','',37024,19861216,'1',1,3),(640,'BLANCA BERENICE MORELES MUÑOZ','',37258,19941108,'1',4,3),(641,'MARTHA PATRICIA SANCHEZ MARTINEZ','',37647,19890122,'1',1,3),(642,'IXAMAR DE JESUS PEREZ ROCHA','',37204,19870916,'2',1,3),(643,'RICARDO GABRIEL LOPEZ MARTINEZ','',37486,19890121,'2',1,3),(644,'JOSE ADRIAN RAMIREZ GONZALEZ','',37685,19961204,'1',4,3),(645,'ZENHARA SERENA VENTURA','',37220,19900122,'1',4,3),(646,'MAYRA DEL CARMEN GARCIA CHAVEZ','',37392,19900812,'1',1,11),(647,'PERLA YOSELIN LUNA GARCIA','',37910,19921211,'1',1,3),(648,'ANA KARINA HERNANDEZ NUÑEZ','',37950,19981219,'1',9,3),(649,'ANA LAURA DELGADILLO PEREZ','',37088,19960721,'2',4,3),(650,'DAVID SILVESTRE RAMIREZ MIRELES','',37980,19890622,'2',9,3),(651,'JOSE GUADALUPE CABRERA TREJO','',37843,19901115,'2',4,3),(652,'JUAN CARLOS MARTINEZ RODRIGUEZ','',37176,19970522,'1',4,3),(653,'MARIA DE JESUS MONTAÑEZ TRUJILLO','',37939,19981106,'2',3,3),(654,'ALBERTO ROGELIO RODRIGUEZ JASSO','',37755,19980615,'1',4,3),(655,'JUANA BERENICE DOMINGUEZ CERVERA','',37580,20010202,'1',3,2),(656,'LAURA JAZMIN ARELLANO RODRIGUEZ','',37549,19980318,'1',4,2),(657,'MA ELENA CRUZ VALDIVIA ESQUEDA','',37934,19991009,'1',3,3),(658,'BERTHA ESTEFANIA MARES ARENAS','',37949,19951106,'1',3,3),(659,'KAREN DANIELA PAREDES AVIÑA','',37209,19880310,'1',3,3),(660,'MAYRA ESTHER CERVANTES LOPEZ','',37103,19890821,'1',9,3),(661,'ANA MARIA GUADALUPE VAZQUEZ MANDUJANO','',37984,19930505,'2',3,3),(662,'RICARDO ALEJANDRO RAMIREZ HERNANDEZ','',37623,19871120,'1',10,3),(663,'MILAGROS GUADALUPE TORRES MUÑOZ','',37666,20020311,'1',3,6),(664,'DIANA IVON MANRIQUEZ CARMONA','',37419,19870230,'2',3,6),(665,'OSCAR SEBASTIAN LUGO MARTINEZ','',37308,20000928,'2',3,6),(666,'ALAN ANTONIO MUÑOZ CHAVEZ','',37361,19900507,'1',3,5),(667,'NORMA LAURA DE LA CERDA HUERTA','',37847,19930501,'1',3,3),(668,'LUZ ADRIANA TERRONES PEREZ','',37561,19931127,'1',3,3),(669,'ALMA JULIETA ALBA MARES','',37205,19980926,'1',9,5),(670,'LUZ ELENA RAMIREZ CORTEZ','',37625,19940916,'1',3,6),(671,'ERICA CECILIA LOPEZ AGUILAR','',37760,19911113,'1',3,3),(672,'JUDITH ALEJANDRA ROSAS','',37597,19940428,'1',1,13),(673,'MARIA GUADALUPE SERRANO SANCHEZ','',37651,19940609,'1',10,13),(674,'ALEJANDRA VALENZUELA MORENO','',37987,19980805,'2',3,13),(675,'EDGAR GIOVANNI OLMEDO ORTA','',37014,19910206,'1',3,13),(676,'ANA LAURA FERNANDEZ HERNANDEZ','',37904,19960106,'1',1,13),(677,'ERIKA TERESA VALDIVIA LOPEZ','',37436,19950830,'1',1,13),(678,'ANTONIA RIOS VALLEJO','',37356,19900301,'1',1,13),(679,'FRANCISCA MARTINEZ RAYGOZA','',37369,19910918,'2',3,13),(680,'KEVIN ULISES JACOBO SUAREZ','',37631,19910711,'1',3,13),(681,'MARIA ANTONIA VENEGAS BUENO','',37960,19970816,'2',3,13),(682,'MIGUEL EDUARDO JUAREZ FUENTES','',37991,19990724,'1',4,13),(683,'NORA INES GUZMAN GRANADOS','',37619,19961129,'1',3,13),(684,'MARIA TERESA MALDONADO MEDINA','',37261,20000922,'1',1,13),(685,'MARTHA PATRICIA SOLORZANO CAUDILLO','',37012,19980611,'2',1,13),(686,'HECTOR ENRIQUE ROMERO GOMEZ','',37328,19860906,'1',1,13),(687,'MONICA ERNESTINA CAMARENA','',37497,20011210,'2',1,13),(688,'PEDRO GARCIA CANO ','',37972,19910105,'1',1,13),(689,'PAOLA GUADALUPE GARCIA CALVILLO','',37585,20021022,'1',3,13),(690,'ALEJANDRA DELGADO MARES','',37936,19871111,'2',1,6),(691,'JONATHAN PONCE ','',37982,19950626,'1',1,6),(692,'GEMMA CAROLINA PEDROZA GONZALEZ','',37109,19860522,'2',3,3),(693,'GERARDO DE JESUS TAPIA MONTENEGRO','',37029,19870401,'1',3,3),(694,'ESMERALDA JAQUELINE PEREZ MANRIQUEZ','',37497,19991022,'2',4,3),(695,'JOSE ABRAHAM SERRANO SANCHEZ','',37282,19881025,'2',3,10),(696,'CHRISTIAN EDUARDO TAVERA ESTRADA','',37397,20000906,'2',1,11),(697,'CARLOS ALBERTO GARCIA MUÑOZ','',37681,19950930,'1',1,11),(698,'ANGELICA MARIA VACA GARCIA','',37199,19900816,'1',1,3),(699,'LIZETH JUDITH RODRIGUEZ AMARO','',37529,19901109,'1',1,3),(700,'MONICA PEREZ MARTINEZ','',37034,19991102,'1',1,3),(701,'SANDRA MELISA PEREZ MARTINEZ','',37893,19970628,'1',1,3),(702,'SILVIA REYES LOPEZ','',37404,20010306,'2',4,11),(703,'JUAN ANTONIO VARGAS FONSECA','',37659,19921017,'1',1,13),(704,'JAZMIN JAQUELINE OROZCO RUIZ','',37877,20021006,'1',1,11),(705,'OLGA LIDIA VALDEZ ORNELAS','',37907,19960330,'1',1,11),(706,'BRENDA ELIZABETH HERNANDEZ NEGRETE','',37827,19970426,'1',4,11),(707,'BRENDA ALEJANDRA REYES SANCHEZ','',37087,19901216,'1',4,3),(708,'JESUS DE LOS ANGLES LOPEZ RAMIREZ','',37811,20011201,'1',4,2),(709,'JUANA JESSICA ELIZABETH ROJAS HERNANDEZ','',37296,19890519,'1',4,3),(710,'CRISTINA LOPEZ ','',37566,19851001,'2',3,11),(711,'ISMAEL SOLIS FLORES','',37180,19960722,'1',3,2),(712,'MANUELA MUÑOZ ALMANZA','',37162,20020327,'1',3,2),(713,'VIRIDIANA JASMIN CISNEROS ESPINOZA','',37282,20000520,'1',4,3),(714,'BLANCA FABIOLA VAZQUEZ INFANTE','',37009,19900122,'2',3,2),(715,'RAFAEL SANCHEZ GARCIA','',37992,19930724,'1',3,6),(716,'SARAHI ESTEFANI TERRONES ALVARADO','',37734,20010310,'1',3,3),(717,'PATRICIA RUIZ MARMOLEJO','',37284,19850105,'2',4,11),(718,'JOSE GUADALUPE LOPEZ NAVA','',37304,19871003,'1',4,7),(719,'LOURDES ALEJANDRA CAUDILLO ROSAS','',37181,19891208,'1',3,3),(720,'LUCERO DEL ROCIO SOTELO GARCIA','',37772,19910704,'1',4,3),(721,'MARISELA CAUDILLO ZUÑIGA','',37166,19911204,'2',3,9),(722,'LUIS FERNANDO GRANADOS SANCHEZ','',37666,19860820,'1',9,3),(723,'SELENE ESTEFANIA DE ANDA BALDERAS','',37557,20011117,'1',4,13),(724,'MARGARITA ALVARADO PADILLA','',37863,19860612,'1',3,3),(725,'GABRIELA DEL CARMEN RAMOS RODRIGUEZ','',37068,19991024,'1',3,3),(726,'LIZ FERNANDA PRATZ OLIVARES ','',37370,20020421,'1',3,3),(727,'DOLORES BERENICE VILLEGAS ESCOBEDO','',37244,20020918,'2',3,3),(728,'JUAN CARLOS MARTINEZ GAONA','',37261,19900411,'1',3,6),(729,'ANGELICA PINO RENTERIA','',37572,19960411,'1',4,3),(730,'SAMANTHA SOLIS PRO','',37781,19910619,'1',3,3),(731,'GLORIA ANGELICA RAMIREZ VALTIERRA','',37424,19980221,'1',3,3),(732,'MARIA REYNA JASSO HERNANDEZ','',37925,19910918,'2',3,6),(733,'ANDRES TORRES LOPEZ','',37188,19960628,'2',3,3),(734,'JOSE LUIS AGUIRRE LOPEZ','',37598,19910215,'1',4,3),(735,'SOFIA TORRES ALATORRE','',37391,19850726,'1',3,3),(736,'VIRIDIANA RODRIGUEZ ORTIZ','',37146,20011026,'1',3,10),(737,'ROSA IVON CHAVEZ PONCE','',37885,19891009,'1',4,3),(738,'VALERIA ESTEFANIA GABIA GONZALEZ','',37585,19950330,'1',3,3),(739,'KARLA PATRICIA CANO ORTIZ','',37407,19890319,'2',3,3),(740,'DAVID ABRAHAM GOMEZ VELMUDEZ','',37304,19920424,'1',9,3),(741,'GLORIA NOEMI GABIA GONZALEZ','',37357,19990509,'2',9,3),(742,'EDGAR RICARDO BANDA PRADO','',37974,19900223,'2',9,13),(743,'JAVIER PEREZ MORALES','',37839,19920112,'1',4,13),(744,'VIRGINIA DEL ROSARIO MARTINEZ GALVAN','',37966,20011120,'1',4,13),(745,'MARIA AMELIA VARGAS FLORES','',37070,19890420,'1',3,13),(746,'LESLIE ALEJANDRA COLORADO RAMIREZ','',37439,19991222,'1',3,13),(747,'ALONDRA ABIGAIL NUÑEZ VELA','',37281,19901116,'1',4,13),(748,'ANA MARIA SANCHEZ LOPEZ','',37064,19861201,'1',3,13),(749,'ARIADNA DE LOS MILAGROS PAREDES GARCIA','',37798,19930512,'1',3,13),(750,'BLANCA GRACIELA GARCIA LEMUS','',37885,19990303,'2',3,13),(751,'BRIAN DEL JESUS ZAVALA GUTIERREZ','',37720,19921202,'2',3,13),(752,'CARLOS DANIEL HERNANDEZ REYNOSO','',37957,20010118,'2',3,13),(753,'CARLOS JAIME CHAVEZ','',37443,19850118,'2',1,13),(754,'CESAR ORLANDO SANTANA GOMEZ','',37153,20021001,'1',9,13),(755,'DULCE YANET RODRIGUEZ ORTIZ','',37861,19880213,'1',3,13),(756,'ERIKA JAZMIN REYES ZAVALA','',37598,19920408,'1',1,13),(757,'FATIMA BALERIA FLORES GONZALEZ','',37984,19991125,'2',3,13),(758,'FERNANDO VALENTIN TORRES BENITEZ','',37243,20000701,'1',4,13),(759,'GRACIELA MARQUEZ HERNANDEZ','',37198,20010714,'2',9,13),(760,'HECTOR BARACHEL CANO RAMIREZ','',37216,19940625,'2',9,13),(761,'HERNAN ENRIQUE ALVAREZ RODRIGUEZ','',37278,20020503,'1',3,13),(762,'JESSICA LIZBETH LOPEZ ZARAGOZA','',37590,19880229,'2',9,13),(763,'JUAN MANUEL GOMEZ RAMOS','',37518,19950522,'1',9,13),(764,'JUANA ARACELI RANGEL CORENO','',37078,19961008,'2',3,13),(765,'JULIO MOISES ARREGUIN ORTEGA','',37805,19950908,'1',10,13),(766,'KAREN GUADALUPE GALMES RUIZ','',37522,19871020,'1',3,13),(767,'KARLA ESMERALDA CERVANTES FRAUSTO','',37520,20000324,'1',3,13),(768,'LAURA IVONNE RODRIGUEZ OLMOS','',37937,19910314,'1',3,13),(769,'LAURA LUCIA QUIJAS ROCHA','',37474,19960406,'2',9,13),(770,'MANUEL ALEJANDRO RIOS SANCHEZ','',37824,19850621,'1',3,13),(771,'MARGARITA SORIA GUTIERREZ','',37801,19920610,'1',1,6),(772,'MARIA AMELIA VARGAS FLORES','',37133,20020117,'1',3,13),(773,'MARIA CAROLINA HINOJOSA ROMERO','',37634,19950504,'1',3,13),(774,'MARIA CAROLINA MORENO ORTEGA','',37810,19930604,'1',3,13),(775,'MARIA DE LA LUZ FUENTES DELGADO','',37523,19851216,'1',3,13),(776,'MARIA DEL ROCIO SANCHEZ PEREZ','',37783,19960816,'1',9,13),(777,'MARIA ELENA MANDUJANO YAÑEZ','',37156,19950210,'1',3,13),(778,'MARIA ISABEL BARAJAS MANDUJANO','',37036,19950330,'1',3,13),(779,'MARIA SOLEDAD PANIAGUA ARREOLA','',37884,19990429,'1',3,13),(780,'MIRIAM MARIA GUADALUPE ELIAS BLANCARTE','',37557,19960620,'2',1,13),(781,'NOE ROBERTO LUNA MORENO','',37017,19851207,'2',1,13),(782,'PEDRO ROMERO MORALES','',37354,19970722,'1',3,13),(783,'REBECA MANCILLA GARCIA','',37270,19850309,'1',3,13),(784,'XITLALIC ATILANO VARO','',37415,19850215,'1',3,13);

/*Table structure for table `clientes` */

DROP TABLE IF EXISTS `clientes`;

CREATE TABLE `clientes` (
  `id` bigint(20) NOT NULL AUTO_INCREMENT COMMENT 'id - unico',
  `nombre` text NOT NULL COMMENT 'nombre - unico',
  `calle` text,
  `numero` text,
  `colonia` text,
  `ciudad` text,
  `estado` text,
  `codigo_postal` int(11) NOT NULL COMMENT 'cp - obligatorio ubicacion',
  `pais` text,
  PRIMARY KEY (`id`)
) ENGINE=InnoDB AUTO_INCREMENT=256 DEFAULT CHARSET=latin1;

/*Data for the table `clientes` */

insert  into `clientes`(`id`,`nombre`,`calle`,`numero`,`colonia`,`ciudad`,`estado`,`codigo_postal`,`pais`) values (130,'LA MARQUESA',NULL,NULL,NULL,NULL,NULL,37788,NULL),(131,'JOLGUABER',NULL,NULL,NULL,NULL,NULL,37690,NULL),(132,'BALLERES',NULL,NULL,NULL,NULL,NULL,37892,NULL),(133,'VIZCAYA',NULL,NULL,NULL,NULL,NULL,37773,NULL),(134,'SINALOA',NULL,NULL,NULL,NULL,NULL,37441,NULL),(135,'LOMAS DEL MIRADOR',NULL,NULL,NULL,NULL,NULL,37595,NULL),(136,'COLINAS DE PLATA',NULL,NULL,NULL,NULL,NULL,37655,NULL),(137,'PARQUES DE SAN JUAN',NULL,NULL,NULL,NULL,NULL,37431,NULL),(138,'COUNTRY',NULL,NULL,NULL,NULL,NULL,37346,NULL),(139,'SATURNO','TIZIANO PUPPIN',NULL,'FRACCIONAMIENTO DEL SOL','LEON','GTO',37235,'MEXICO'),(140,'AGUA AZUL',NULL,NULL,NULL,NULL,NULL,37604,NULL),(141,'CUMBRES LA GLORIA',NULL,NULL,NULL,NULL,NULL,37359,NULL),(142,'EYUPOL',NULL,NULL,NULL,NULL,NULL,37462,NULL),(143,'LEON II',NULL,NULL,NULL,NULL,NULL,37855,NULL),(144,'21 DE MARZO',NULL,NULL,NULL,NULL,NULL,37138,NULL),(145,'JOYAS',NULL,NULL,NULL,NULL,NULL,37075,NULL),(146,'PROGRAMA DESARROLLO ENRIQUE',NULL,NULL,NULL,NULL,NULL,37659,NULL),(147,'COSTA RICA',NULL,NULL,NULL,NULL,NULL,37013,NULL),(148,'RAMAL',NULL,NULL,NULL,NULL,NULL,37536,NULL),(149,'PASEOS DEL MOLINO',NULL,NULL,NULL,NULL,NULL,37945,NULL),(150,'ALFREDO VALADEZ',NULL,NULL,NULL,NULL,NULL,37409,NULL),(151,'HERMANOS ALDAMA',NULL,NULL,NULL,NULL,NULL,37747,NULL),(152,'VISTA ESMERALDA',NULL,NULL,NULL,NULL,NULL,37746,NULL),(153,'MARIANO ESCOBEDO',NULL,NULL,NULL,NULL,NULL,37412,NULL),(154,'CERVANTES',NULL,NULL,NULL,NULL,NULL,37550,NULL),(155,'MEDINA',NULL,NULL,NULL,NULL,NULL,37039,NULL),(156,'EL FARO',NULL,NULL,NULL,NULL,NULL,37988,NULL),(157,'OSVALDO',NULL,NULL,NULL,NULL,NULL,37983,NULL),(158,'COLINAS DE SAN FRANCISCO',NULL,NULL,NULL,NULL,NULL,37956,NULL),(159,'NORIAS',NULL,NULL,NULL,NULL,NULL,37577,NULL),(160,'SALAMANCA',NULL,NULL,NULL,NULL,NULL,37724,NULL),(161,'STA JULIA',NULL,NULL,NULL,NULL,NULL,37584,NULL),(162,'CUDRILLA JOSE RIOS',NULL,NULL,NULL,NULL,NULL,37782,NULL),(163,'SAN MIGUEL',NULL,NULL,NULL,NULL,NULL,37132,NULL),(164,'ATOTONILCO',NULL,NULL,NULL,NULL,NULL,37419,NULL),(165,'SAN ROMAN',NULL,NULL,NULL,NULL,NULL,37415,NULL),(166,'SANTO DOMINGO',NULL,NULL,NULL,NULL,NULL,37793,NULL),(167,'PRESITAS',NULL,NULL,NULL,NULL,NULL,37531,NULL),(168,'LOMA DORADA',NULL,NULL,NULL,NULL,NULL,37645,NULL),(169,'VALLE DE SAN JOSE',NULL,NULL,NULL,NULL,NULL,37803,NULL),(170,'VILLAS DE SAN JUAN',NULL,NULL,NULL,NULL,NULL,37103,NULL),(171,'CASTILLOS',NULL,NULL,NULL,NULL,NULL,37753,NULL),(172,'EL ROSARIO',NULL,NULL,NULL,NULL,NULL,37302,NULL),(173,'JEREZ',NULL,NULL,NULL,NULL,NULL,37204,NULL),(174,'SANTA JULIA',NULL,NULL,NULL,NULL,NULL,37235,NULL),(175,'VALERIANA',NULL,NULL,NULL,NULL,NULL,37849,NULL),(176,'HILAMAS',NULL,NULL,NULL,NULL,NULL,37760,NULL),(177,'MALINALCO',NULL,NULL,NULL,NULL,NULL,37648,NULL),(178,'CLARA SANCHEZ',NULL,NULL,NULL,NULL,NULL,37021,NULL),(179,'TURQUESA',NULL,NULL,NULL,NULL,NULL,37012,NULL),(180,'EL ROBLE',NULL,NULL,NULL,NULL,NULL,37906,NULL),(181,'CUADRILLA RICARDO',NULL,NULL,NULL,NULL,NULL,37939,NULL),(182,'PASEOS DEL MAUREL',NULL,NULL,NULL,NULL,NULL,37178,NULL),(183,'CUADRILLA MAURICIO',NULL,NULL,NULL,NULL,NULL,37645,NULL),(184,'PALO IV',NULL,NULL,NULL,NULL,NULL,37146,NULL),(185,'SION',NULL,NULL,NULL,NULL,NULL,37563,NULL),(186,'ORENSE',NULL,NULL,NULL,NULL,NULL,37467,NULL),(187,'SANCHEZ',NULL,NULL,NULL,NULL,NULL,37840,NULL),(188,'COLINAS DE FCO',NULL,NULL,NULL,NULL,NULL,37469,NULL),(189,'PALERMO',NULL,NULL,NULL,NULL,NULL,37827,NULL),(190,'PROGRAMA DESARROLLO COUNTRY',NULL,NULL,NULL,NULL,NULL,37233,NULL),(191,'CUADRILLA SERGIO',NULL,NULL,NULL,NULL,NULL,37991,NULL),(192,'PROGRAMA DESARROLLO DAVID',NULL,NULL,NULL,NULL,NULL,37544,NULL),(193,'PROGRAMA DESARROLLO VILLAS',NULL,NULL,NULL,NULL,NULL,37674,NULL),(194,'EXPRESS',NULL,NULL,NULL,NULL,NULL,37597,NULL),(195,'PROGRAMA DESARROLLO SATURNO',NULL,NULL,NULL,NULL,NULL,37054,NULL),(196,'ROBLE DE JEREZ',NULL,NULL,NULL,NULL,NULL,37951,NULL),(197,'RIO MAYO',NULL,NULL,NULL,NULL,NULL,37256,NULL),(198,'SAN ANTONIO',NULL,NULL,NULL,NULL,NULL,37918,NULL),(199,'BRISAS DEL CARMEN',NULL,NULL,NULL,NULL,NULL,37789,NULL),(200,'MADRE TIERRA',NULL,NULL,NULL,NULL,NULL,37449,NULL),(201,'VILLAS DE SAN NICOLAS',NULL,NULL,NULL,NULL,NULL,37830,NULL),(202,'LA CAPILLA',NULL,NULL,NULL,NULL,NULL,37352,NULL),(203,'PRESIDENTES',NULL,NULL,NULL,NULL,NULL,37851,NULL),(204,'CERRO DEL GIGANTE',NULL,NULL,NULL,NULL,NULL,37095,NULL),(205,'LOS CASTILLOS',NULL,NULL,NULL,NULL,NULL,37129,NULL),(206,'TORREMOLINOS',NULL,NULL,NULL,NULL,NULL,37372,NULL),(207,'TELLEZ CRUCES',NULL,NULL,NULL,NULL,NULL,37618,NULL),(208,'CUADRILLA DAVID',NULL,NULL,NULL,NULL,NULL,37791,NULL),(209,'SANTA ROSA',NULL,NULL,NULL,NULL,NULL,37262,NULL),(210,'VILLAS DE LA LUZ',NULL,NULL,NULL,NULL,NULL,37422,NULL),(211,'PARQUES DEL SUR',NULL,NULL,NULL,NULL,NULL,37784,NULL),(212,'OBREGON',NULL,NULL,NULL,NULL,NULL,37662,NULL),(213,'ROMITA',NULL,NULL,NULL,NULL,NULL,37463,NULL),(214,'VALLE DE LEON',NULL,NULL,NULL,NULL,NULL,37934,NULL),(215,'JOYAS DE CASTILLA',NULL,NULL,NULL,NULL,NULL,37038,NULL);

/*Table structure for table `frecuencias` */

DROP TABLE IF EXISTS `frecuencias`;

CREATE TABLE `frecuencias` (
  `id` int(11) NOT NULL AUTO_INCREMENT,
  `nombre` text NOT NULL,
  `dias` int(11) NOT NULL,
  `default` tinyint(1) DEFAULT NULL,
  PRIMARY KEY (`id`)
) ENGINE=InnoDB AUTO_INCREMENT=8 DEFAULT CHARSET=latin1;

/*Data for the table `frecuencias` */

insert  into `frecuencias`(`id`,`nombre`,`dias`,`default`) values (1,'Ultimos 7 dias',7,0),(2,'Ultimos 30 dias',30,0),(3,'Mes actual',0,0),(4,'Ultimos 90 dias',90,1),(5,'Ultimos 6 meses',180,0),(6,'Año actual',0,0),(7,'Ultimos 12 meses',365,0);

/*Table structure for table `logs` */

DROP TABLE IF EXISTS `logs`;

CREATE TABLE `logs` (
  `id` bigint(20) NOT NULL AUTO_INCREMENT,
  `id_usuario` bigint(20) DEFAULT NULL,
  `proceso` text,
  `abc` char(1) DEFAULT NULL,
  `fecha` text,
  PRIMARY KEY (`id`)
) ENGINE=InnoDB DEFAULT CHARSET=latin1;

/*Data for the table `logs` */

/*Table structure for table `medios` */

DROP TABLE IF EXISTS `medios`;

CREATE TABLE `medios` (
  `id` bigint(20) NOT NULL AUTO_INCREMENT,
  `nombre` text NOT NULL,
  PRIMARY KEY (`id`)
) ENGINE=InnoDB AUTO_INCREMENT=14 DEFAULT CHARSET=latin1;

/*Data for the table `medios` */

insert  into `medios`(`id`,`nombre`) values (1,'CAMBACEO'),(2,'CARPA'),(3,'CARTULINA EN TIENDA'),(4,'CENTRO DE RECLUTAMIENTO'),(5,'CORNJOB'),(6,'FACEBOOK'),(7,'FERIA LABORAL FEMSA'),(8,'PERIFONEO'),(9,'PERIODICO'),(10,'REFERIDO'),(11,'VOLANTE'),(12,'WHATSAPP'),(13,'OTRO');

/*Table structure for table `razones_rechazo` */

DROP TABLE IF EXISTS `razones_rechazo`;

CREATE TABLE `razones_rechazo` (
  `id` bigint(20) NOT NULL AUTO_INCREMENT,
  `nombre` text,
  PRIMARY KEY (`id`)
) ENGINE=InnoDB AUTO_INCREMENT=5 DEFAULT CHARSET=latin1;

/*Data for the table `razones_rechazo` */

insert  into `razones_rechazo`(`id`,`nombre`) values (1,'NO ASISTIO A PROCESO'),(2,'NO REUNE REQUISITOS'),(3,'MALAS REFERENCIAS'),(4,'NO ACEPTO SUELDO');

/*Table structure for table `users` */

DROP TABLE IF EXISTS `users`;

CREATE TABLE `users` (
  `id` bigint(20) NOT NULL AUTO_INCREMENT COMMENT 'id',
  `user` tinytext NOT NULL COMMENT 'username',
  `pass` text NOT NULL COMMENT 'password',
  `level` tinytext NOT NULL COMMENT 'nivel de seguridad',
  `nombre` tinytext COMMENT 'nombre del usuario',
  PRIMARY KEY (`id`)
) ENGINE=InnoDB AUTO_INCREMENT=9 DEFAULT CHARSET=latin1;

/*Data for the table `users` */

insert  into `users`(`id`,`user`,`pass`,`level`,`nombre`) values (1,'admin','e120595439e1f1094f7dd5609dcbb555bf7f6858','super','Administrador'),(2,'luissup','b7a6547a8ebdaed81c819f62d7b6152f163274e4','supervisor','Luis Supervisor'),(3,'luisrec','ababd13f3aff9b1afa76057267a25772c43dcc97','reclutador','Luis Reclutador'),(4,'DANY','e120595439e1f1094f7dd5609dcbb555bf7f6858','reclutador','Daniela'),(5,'a','e120595439e1f1094f7dd5609dcbb555bf7f6858','reclutador','Diana'),(6,'GABY','e120595439e1f1094f7dd5609dcbb555bf7f6858','supervisor','Gaby Martinez'),(7,'JONATHAN','e120595439e1f1094f7dd5609dcbb555bf7f6858','reclutador','Johnatan'),(8,'PATY','e120595439e1f1094f7dd5609dcbb555bf7f6858','reclutador','Paty');

/*Table structure for table `vacantes` */

DROP TABLE IF EXISTS `vacantes`;

CREATE TABLE `vacantes` (
  `id` bigint(20) NOT NULL AUTO_INCREMENT,
  `id_cliente` bigint(20) NOT NULL COMMENT 'id-cliente',
  `id_nombre_vacante` bigint(20) NOT NULL COMMENT 'id_nombre de la vacante',
  `fecha` bigint(20) NOT NULL COMMENT 'fecha como numero yyyymmdd',
  `id_status` int(11) NOT NULL COMMENT 'status de la vacante',
  `id_usuario` bigint(20) DEFAULT NULL COMMENT 'usuario asignado',
  PRIMARY KEY (`id`)
) ENGINE=InnoDB AUTO_INCREMENT=348 DEFAULT CHARSET=latin1;

/*Data for the table `vacantes` */

insert  into `vacantes`(`id`,`id_cliente`,`id_nombre_vacante`,`fecha`,`id_status`,`id_usuario`) values (257,164,1,20180122,1,8),(258,164,1,20180116,1,5),(259,132,1,20180122,1,4),(260,132,1,20180115,1,4),(261,199,1,20180122,2,8),(262,171,1,20180127,2,8),(263,171,1,20180119,1,5),(264,178,1,20180221,1,8),(265,178,1,20180130,2,6),(266,158,1,20180223,1,4),(267,158,1,20180220,1,7),(268,147,1,20180114,1,8),(269,138,1,20180130,1,6),(270,181,1,20180215,1,5),(271,162,1,20180112,1,5),(272,141,1,20180202,1,8),(273,141,1,20180118,1,4),(274,156,1,20180219,1,4),(275,194,1,20180129,2,8),(276,142,1,20180220,1,8),(277,176,1,20180128,2,6),(278,173,1,20180126,2,5),(279,131,1,20180105,1,4),(280,131,1,20180111,2,4),(281,145,1,20180122,2,6),(282,130,1,20180108,1,4),(283,130,1,20180120,1,6),(284,143,1,20180128,1,4),(285,143,1,20180118,1,6),(286,143,1,20180116,2,5),(287,143,1,20180116,1,5),(288,168,1,20180116,1,5),(289,168,1,20180118,1,6),(290,168,1,20180120,1,8),(291,135,1,20180116,1,4),(292,135,1,20180122,2,4),(293,200,1,20180123,1,8),(294,177,1,20180131,1,5),(295,153,1,20180122,1,8),(296,153,1,20180124,1,8),(297,153,1,20180117,1,8),(298,153,1,20180207,1,8),(299,153,1,20180120,1,6),(300,153,1,20180128,1,6),(301,159,1,20180212,1,8),(302,159,1,20180120,2,5),(303,159,1,20180110,2,8),(304,186,1,20180206,2,8),(305,186,1,20180116,1,8),(306,157,1,20180223,1,4),(307,184,1,20180218,1,5),(308,137,1,20180218,2,8),(309,137,1,20180217,1,8),(310,137,1,20180129,1,5),(311,182,1,20180114,2,8),(312,182,1,20180108,2,8),(313,203,1,20180217,1,8),(314,167,1,20180205,1,8),(315,167,1,20180203,2,5),(316,148,1,20180201,1,4),(317,197,1,20180118,1,8),(318,196,1,20180115,1,8),(319,160,1,20180122,2,5),(320,160,1,20180123,1,4),(321,160,1,20180123,1,8),(322,160,1,20180121,1,6),(323,163,1,20180114,2,5),(324,163,1,20180112,1,8),(325,165,1,20180225,2,8),(326,165,1,20180111,1,8),(327,174,1,20180129,1,5),(328,139,1,20180118,1,4),(329,139,1,20180119,2,8),(330,139,1,20180108,1,5),(331,139,1,20180118,1,5),(332,139,1,20180119,1,8),(333,134,1,20180124,1,4),(334,134,1,20180206,1,4),(335,134,1,20180113,2,4),(336,134,1,20180122,1,4),(337,134,1,20180121,1,4),(338,161,1,20180113,1,5),(339,161,1,20180115,2,5),(340,179,1,20180206,1,5),(341,175,1,20180130,1,5),(342,169,1,20180112,1,5),(343,170,1,20180207,1,8),(344,170,1,20180213,1,8),(345,201,1,20180123,1,8),(346,152,1,20180214,2,4),(347,152,1,20180111,2,6);

/*Table structure for table `vacantes_following` */

DROP TABLE IF EXISTS `vacantes_following`;

CREATE TABLE `vacantes_following` (
  `id` bigint(20) NOT NULL AUTO_INCREMENT COMMENT 'id',
  `id_candidato` bigint(20) NOT NULL,
  `id_vacante` bigint(20) NOT NULL COMMENT 'vacante',
  `id_proceso` bigint(20) NOT NULL COMMENT 'proceso',
  `fecha` bigint(20) NOT NULL COMMENT 'fecha yyyymmmdd',
  `comentarios` text,
  `id_razon_rechazo` int(11) DEFAULT NULL,
  PRIMARY KEY (`id`)
) ENGINE=InnoDB AUTO_INCREMENT=3073 DEFAULT CHARSET=latin1;

/*Data for the table `vacantes_following` */

insert  into `vacantes_following`(`id`,`id_candidato`,`id_vacante`,`id_proceso`,`fecha`,`comentarios`,`id_razon_rechazo`) values (2611,651,258,1,20180116,NULL,NULL),(2612,617,258,1,20180117,NULL,NULL),(2613,587,258,1,20180118,NULL,NULL),(2614,684,258,1,20180119,NULL,NULL),(2615,674,258,1,20180121,NULL,NULL),(2616,744,259,1,20180126,NULL,NULL),(2617,700,259,1,20180123,NULL,NULL),(2618,593,261,1,20180122,NULL,NULL),(2619,693,261,1,20180125,NULL,NULL),(2620,558,261,1,20180125,NULL,NULL),(2621,727,262,1,20180130,NULL,NULL),(2622,530,262,1,20180128,NULL,NULL),(2623,701,262,1,20180127,NULL,NULL),(2624,576,262,1,20180201,NULL,NULL),(2625,688,262,1,20180201,NULL,NULL),(2626,774,262,1,20180127,NULL,NULL),(2627,732,262,1,20180127,NULL,NULL),(2628,661,264,1,20180221,NULL,NULL),(2629,582,264,1,20180224,NULL,NULL),(2630,717,265,1,20180205,NULL,NULL),(2631,722,265,1,20180130,NULL,NULL),(2632,750,265,1,20180202,NULL,NULL),(2633,679,265,1,20180131,NULL,NULL),(2634,556,265,1,20180205,NULL,NULL),(2635,535,266,1,20180226,NULL,NULL),(2636,716,266,1,20180224,NULL,NULL),(2637,514,266,1,20180224,NULL,NULL),(2638,551,266,1,20180224,NULL,NULL),(2639,680,266,1,20180225,NULL,NULL),(2640,592,267,1,20180226,NULL,NULL),(2641,682,267,1,20180224,NULL,NULL),(2642,660,269,1,20180203,NULL,NULL),(2643,516,269,1,20180131,NULL,NULL),(2644,613,269,1,20180130,NULL,NULL),(2645,743,270,1,20180220,NULL,NULL),(2646,580,270,1,20180218,NULL,NULL),(2647,541,270,1,20180216,NULL,NULL),(2648,552,271,1,20180117,NULL,NULL),(2649,749,271,1,20180114,NULL,NULL),(2650,659,271,1,20180115,NULL,NULL),(2651,666,271,1,20180116,NULL,NULL),(2652,550,271,1,20180114,NULL,NULL),(2653,763,272,1,20180206,NULL,NULL),(2654,665,272,1,20180206,NULL,NULL),(2655,631,272,1,20180205,NULL,NULL),(2656,632,272,1,20180204,NULL,NULL),(2657,572,274,1,20180223,NULL,NULL),(2658,779,274,1,20180221,NULL,NULL),(2659,670,274,1,20180220,NULL,NULL),(2660,704,275,1,20180129,NULL,NULL),(2661,542,275,1,20180203,NULL,NULL),(2662,737,275,1,20180205,NULL,NULL),(2663,768,276,1,20180222,NULL,NULL),(2664,662,277,1,20180128,NULL,NULL),(2665,588,277,1,20180130,NULL,NULL),(2666,766,278,1,20180130,NULL,NULL),(2667,675,279,1,20180110,NULL,NULL),(2668,621,280,1,20180114,NULL,NULL),(2669,748,280,1,20180111,NULL,NULL),(2670,646,280,1,20180116,NULL,NULL),(2671,544,280,1,20180116,NULL,NULL),(2672,706,280,1,20180113,NULL,NULL),(2673,607,280,1,20180113,NULL,NULL),(2674,764,280,1,20180114,NULL,NULL),(2675,562,281,1,20180126,NULL,NULL),(2676,657,281,1,20180124,NULL,NULL),(2677,724,281,1,20180125,NULL,NULL),(2678,709,282,1,20180110,NULL,NULL),(2679,745,283,1,20180121,NULL,NULL),(2680,622,283,1,20180121,NULL,NULL),(2681,643,283,1,20180124,NULL,NULL),(2682,563,283,1,20180121,NULL,NULL),(2683,678,283,1,20180122,NULL,NULL),(2684,589,283,1,20180122,NULL,NULL),(2685,782,283,1,20180121,NULL,NULL),(2686,633,284,1,20180129,NULL,NULL),(2687,762,284,1,20180130,NULL,NULL),(2688,554,285,1,20180123,NULL,NULL),(2689,600,285,1,20180120,NULL,NULL),(2690,671,285,1,20180123,NULL,NULL),(2691,553,286,1,20180118,NULL,NULL),(2692,539,286,1,20180118,NULL,NULL),(2693,561,286,1,20180123,NULL,NULL),(2694,585,286,1,20180121,NULL,NULL),(2695,581,286,1,20180116,NULL,NULL),(2696,672,287,1,20180118,NULL,NULL),(2697,547,287,1,20180122,NULL,NULL),(2698,695,288,1,20180117,NULL,NULL),(2699,664,288,1,20180117,NULL,NULL),(2700,637,288,1,20180117,NULL,NULL),(2701,638,288,1,20180117,NULL,NULL),(2702,567,290,1,20180123,NULL,NULL),(2703,760,290,1,20180123,NULL,NULL),(2704,598,291,1,20180116,NULL,NULL),(2705,721,291,1,20180117,NULL,NULL),(2706,523,292,1,20180122,NULL,NULL),(2707,754,292,1,20180124,NULL,NULL),(2708,605,292,1,20180122,NULL,NULL),(2709,566,292,1,20180127,NULL,NULL),(2710,690,292,1,20180127,NULL,NULL),(2711,654,292,1,20180123,NULL,NULL),(2712,597,293,1,20180124,NULL,NULL),(2713,781,293,1,20180125,NULL,NULL),(2714,586,293,1,20180125,NULL,NULL),(2715,685,293,1,20180125,NULL,NULL),(2716,741,293,1,20180123,NULL,NULL),(2717,532,294,1,20180203,NULL,NULL),(2718,642,294,1,20180205,NULL,NULL),(2719,663,294,1,20180204,NULL,NULL),(2720,655,295,1,20180127,NULL,NULL),(2721,644,295,1,20180125,NULL,NULL),(2722,522,295,1,20180126,NULL,NULL),(2723,738,296,1,20180124,NULL,NULL),(2724,714,296,1,20180127,NULL,NULL),(2725,629,296,1,20180125,NULL,NULL),(2726,736,297,1,20180117,NULL,NULL),(2727,546,297,1,20180120,NULL,NULL),(2728,734,298,1,20180207,NULL,NULL),(2729,776,298,1,20180207,NULL,NULL),(2730,733,298,1,20180209,NULL,NULL),(2731,591,298,1,20180209,NULL,NULL),(2732,578,298,1,20180210,NULL,NULL),(2733,765,298,1,20180214,NULL,NULL),(2734,564,298,1,20180208,NULL,NULL),(2735,729,299,1,20180120,NULL,NULL),(2736,623,299,1,20180120,NULL,NULL),(2737,692,299,1,20180121,NULL,NULL),(2738,767,300,1,20180128,NULL,NULL),(2739,756,300,1,20180128,NULL,NULL),(2740,603,301,1,20180214,NULL,NULL),(2741,533,301,1,20180214,NULL,NULL),(2742,560,301,1,20180215,NULL,NULL),(2743,538,301,1,20180213,NULL,NULL),(2744,636,302,1,20180124,NULL,NULL),(2745,719,302,1,20180120,NULL,NULL),(2746,602,302,1,20180123,NULL,NULL),(2747,575,303,1,20180114,NULL,NULL),(2748,606,303,1,20180120,NULL,NULL),(2749,610,303,1,20180111,NULL,NULL),(2750,769,304,1,20180209,NULL,NULL),(2751,650,304,1,20180206,NULL,NULL),(2752,730,304,1,20180209,NULL,NULL),(2753,529,304,1,20180215,NULL,NULL),(2754,784,305,1,20180119,NULL,NULL),(2755,705,306,1,20180226,NULL,NULL),(2756,555,306,1,20180228,NULL,NULL),(2757,775,306,1,20180224,NULL,NULL),(2758,777,307,1,20180219,NULL,NULL),(2759,517,307,1,20180220,NULL,NULL),(2760,624,307,1,20180220,NULL,NULL),(2761,710,307,1,20180218,NULL,NULL),(2762,647,307,1,20180223,NULL,NULL),(2763,545,308,1,20180223,NULL,NULL),(2764,534,308,1,20180220,NULL,NULL),(2765,583,309,1,20180228,NULL,NULL),(2766,619,309,1,20180219,NULL,NULL),(2767,557,309,1,20180217,NULL,NULL),(2768,681,310,1,20180203,NULL,NULL),(2769,771,311,1,20180115,NULL,NULL),(2770,625,311,1,20180118,NULL,NULL),(2771,758,311,1,20180116,NULL,NULL),(2772,627,312,1,20180111,NULL,NULL),(2773,571,312,1,20180112,NULL,NULL),(2774,618,312,1,20180109,NULL,NULL),(2775,780,312,1,20180110,NULL,NULL),(2776,537,313,1,20180223,NULL,NULL),(2777,612,313,1,20180218,NULL,NULL),(2778,739,313,1,20180219,NULL,NULL),(2779,565,314,1,20180211,NULL,NULL),(2780,691,314,1,20180207,NULL,NULL),(2781,519,315,1,20180204,NULL,NULL),(2782,778,315,1,20180203,NULL,NULL),(2783,640,315,1,20180208,NULL,NULL),(2784,699,315,1,20180207,NULL,NULL),(2785,601,316,1,20180202,NULL,NULL),(2786,677,316,1,20180208,NULL,NULL),(2787,527,317,1,20180120,NULL,NULL),(2788,753,317,1,20180121,NULL,NULL),(2789,630,317,1,20180119,NULL,NULL),(2790,720,317,1,20180124,NULL,NULL),(2791,549,317,1,20180120,NULL,NULL),(2792,590,318,1,20180117,NULL,NULL),(2793,536,318,1,20180115,NULL,NULL),(2794,548,318,1,20180116,NULL,NULL),(2795,595,319,1,20180122,NULL,NULL),(2796,728,319,1,20180127,NULL,NULL),(2797,707,320,1,20180125,NULL,NULL),(2798,641,320,1,20180126,NULL,NULL),(2799,694,321,1,20180124,NULL,NULL),(2800,628,321,1,20180124,NULL,NULL),(2801,518,322,1,20180122,NULL,NULL),(2802,577,322,1,20180125,NULL,NULL),(2803,689,323,1,20180119,NULL,NULL),(2804,718,323,1,20180115,NULL,NULL),(2805,702,323,1,20180116,NULL,NULL),(2806,752,323,1,20180117,NULL,NULL),(2807,616,323,1,20180117,NULL,NULL),(2808,658,324,1,20180113,NULL,NULL),(2809,652,324,1,20180113,NULL,NULL),(2810,594,324,1,20180112,NULL,NULL),(2811,559,325,1,20180227,NULL,NULL),(2812,761,325,1,20180227,NULL,NULL),(2813,579,325,1,20180228,NULL,NULL),(2814,715,325,1,20180304,NULL,NULL),(2815,524,325,1,20180227,NULL,NULL),(2816,626,326,1,20180111,NULL,NULL),(2817,531,326,1,20180112,NULL,NULL),(2818,726,327,1,20180131,NULL,NULL),(2819,783,327,1,20180131,NULL,NULL),(2820,526,327,1,20180131,NULL,NULL),(2821,773,327,1,20180201,NULL,NULL),(2822,614,327,1,20180131,NULL,NULL),(2823,667,328,1,20180121,NULL,NULL),(2824,656,328,1,20180121,NULL,NULL),(2825,569,328,1,20180120,NULL,NULL),(2826,668,328,1,20180120,NULL,NULL),(2827,596,329,1,20180123,NULL,NULL),(2828,669,329,1,20180120,NULL,NULL),(2829,608,329,1,20180121,NULL,NULL),(2830,528,329,1,20180119,NULL,NULL),(2831,615,330,1,20180112,NULL,NULL),(2832,770,331,1,20180124,NULL,NULL),(2833,635,332,1,20180119,NULL,NULL),(2834,543,333,1,20180127,NULL,NULL),(2835,772,333,1,20180126,NULL,NULL),(2836,639,333,1,20180126,NULL,NULL),(2837,713,333,1,20180127,NULL,NULL),(2838,521,334,1,20180209,NULL,NULL),(2839,698,334,1,20180210,NULL,NULL),(2840,584,334,1,20180208,NULL,NULL),(2841,746,334,1,20180214,NULL,NULL),(2842,708,335,1,20180114,NULL,NULL),(2843,573,335,1,20180115,NULL,NULL),(2844,759,335,1,20180116,NULL,NULL),(2845,742,335,1,20180115,NULL,NULL),(2846,697,335,1,20180115,NULL,NULL),(2847,648,335,1,20180114,NULL,NULL),(2848,703,337,1,20180127,NULL,NULL),(2849,634,337,1,20180124,NULL,NULL),(2850,740,338,1,20180116,NULL,NULL),(2851,525,338,1,20180117,NULL,NULL),(2852,723,339,1,20180115,NULL,NULL),(2853,751,339,1,20180117,NULL,NULL),(2854,711,339,1,20180118,NULL,NULL),(2855,570,339,1,20180115,NULL,NULL),(2856,599,340,1,20180208,NULL,NULL),(2857,735,340,1,20180208,NULL,NULL),(2858,686,340,1,20180209,NULL,NULL),(2859,725,340,1,20180207,NULL,NULL),(2860,609,340,1,20180208,NULL,NULL),(2861,731,340,1,20180207,NULL,NULL),(2862,568,341,1,20180201,NULL,NULL),(2863,696,342,1,20180113,NULL,NULL),(2864,620,342,1,20180116,NULL,NULL),(2865,712,343,1,20180211,NULL,NULL),(2866,687,343,1,20180207,NULL,NULL),(2867,611,343,1,20180208,NULL,NULL),(2868,604,343,1,20180208,NULL,NULL),(2869,649,344,1,20180217,NULL,NULL),(2870,653,345,1,20180123,NULL,NULL),(2871,645,345,1,20180123,NULL,NULL),(2872,574,345,1,20180125,NULL,NULL),(2873,683,346,1,20180218,NULL,NULL),(2874,673,347,1,20180114,NULL,NULL),(2875,520,347,1,20180116,NULL,NULL),(2876,747,347,1,20180116,NULL,NULL),(2877,757,347,1,20180111,NULL,NULL),(2878,540,347,1,20180111,NULL,NULL),(2879,700,259,2,20180125,NULL,NULL),(2880,593,261,2,20180124,NULL,NULL),(2881,558,261,2,20180128,NULL,NULL),(2882,530,262,2,20180129,NULL,NULL),(2883,576,262,2,20180204,NULL,NULL),(2884,688,262,2,20180201,NULL,NULL),(2885,661,264,2,20180223,NULL,NULL),(2886,582,264,2,20180227,NULL,NULL),(2887,722,265,2,20180201,NULL,NULL),(2888,750,265,2,20180204,NULL,NULL),(2889,535,266,2,20180301,NULL,NULL),(2890,716,266,2,20180224,NULL,NULL),(2891,660,269,2,20180207,NULL,NULL),(2892,659,271,2,20180116,NULL,NULL),(2893,666,271,2,20180119,NULL,NULL),(2894,550,271,2,20180115,NULL,NULL),(2895,631,272,2,20180207,NULL,NULL),(2896,632,272,2,20180206,NULL,NULL),(2897,572,274,2,20180225,NULL,NULL),(2898,542,275,2,20180206,NULL,NULL),(2899,737,275,2,20180207,NULL,NULL),(2900,768,276,2,20180224,NULL,NULL),(2901,662,277,2,20180201,NULL,NULL),(2902,766,278,2,20180131,NULL,NULL),(2903,675,279,2,20180112,NULL,NULL),(2904,621,280,2,20180116,NULL,NULL),(2905,706,280,2,20180116,NULL,NULL),(2906,607,280,2,20180116,NULL,NULL),(2907,764,280,2,20180116,NULL,NULL),(2908,657,281,2,20180127,NULL,NULL),(2909,563,283,2,20180123,NULL,NULL),(2910,539,286,2,20180120,NULL,NULL),(2911,561,286,2,20180124,NULL,NULL),(2912,672,287,2,20180119,NULL,NULL),(2913,547,287,2,20180125,NULL,NULL),(2914,567,290,2,20180125,NULL,NULL),(2915,760,290,2,20180126,NULL,NULL),(2916,598,291,2,20180120,NULL,NULL),(2917,754,292,2,20180127,NULL,NULL),(2918,605,292,2,20180125,NULL,NULL),(2919,566,292,2,20180130,NULL,NULL),(2920,654,292,2,20180124,NULL,NULL),(2921,597,293,2,20180127,NULL,NULL),(2922,586,293,2,20180127,NULL,NULL),(2923,741,293,2,20180125,NULL,NULL),(2924,532,294,2,20180205,NULL,NULL),(2925,642,294,2,20180206,NULL,NULL),(2926,714,296,2,20180131,NULL,NULL),(2927,776,298,2,20180208,NULL,NULL),(2928,767,300,2,20180130,NULL,NULL),(2929,756,300,2,20180201,NULL,NULL),(2930,603,301,2,20180215,NULL,NULL),(2931,560,301,2,20180218,NULL,NULL),(2932,636,302,2,20180127,NULL,NULL),(2933,602,302,2,20180126,NULL,NULL),(2934,575,303,2,20180115,NULL,NULL),(2935,606,303,2,20180121,NULL,NULL),(2936,650,304,2,20180208,NULL,NULL),(2937,730,304,2,20180213,NULL,NULL),(2938,529,304,2,20180216,NULL,NULL),(2939,784,305,2,20180124,NULL,NULL),(2940,555,306,2,20180304,NULL,NULL),(2941,710,307,2,20180222,NULL,NULL),(2942,647,307,2,20180225,NULL,NULL),(2943,545,308,2,20180226,NULL,NULL),(2944,583,309,2,20180302,NULL,NULL),(2945,557,309,2,20180218,NULL,NULL),(2946,771,311,2,20180118,NULL,NULL),(2947,627,312,2,20180114,NULL,NULL),(2948,618,312,2,20180113,NULL,NULL),(2949,780,312,2,20180113,NULL,NULL),(2950,537,313,2,20180224,NULL,NULL),(2951,565,314,2,20180214,NULL,NULL),(2952,640,315,2,20180210,NULL,NULL),(2953,601,316,2,20180205,NULL,NULL),(2954,753,317,2,20180124,NULL,NULL),(2955,549,317,2,20180123,NULL,NULL),(2956,595,319,2,20180125,NULL,NULL),(2957,728,319,2,20180129,NULL,NULL),(2958,707,320,2,20180127,NULL,NULL),(2959,689,323,2,20180123,NULL,NULL),(2960,718,323,2,20180117,NULL,NULL),(2961,594,324,2,20180113,NULL,NULL),(2962,559,325,2,20180302,NULL,NULL),(2963,761,325,2,20180303,NULL,NULL),(2964,579,325,2,20180303,NULL,NULL),(2965,715,325,2,20180306,NULL,NULL),(2966,526,327,2,20180201,NULL,NULL),(2967,773,327,2,20180204,NULL,NULL),(2968,569,328,2,20180124,NULL,NULL),(2969,596,329,2,20180126,NULL,NULL),(2970,669,329,2,20180123,NULL,NULL),(2971,528,329,2,20180121,NULL,NULL),(2972,770,331,2,20180126,NULL,NULL),(2973,635,332,2,20180123,NULL,NULL),(2974,772,333,2,20180128,NULL,NULL),(2975,521,334,2,20180212,NULL,NULL),(2976,698,334,2,20180212,NULL,NULL),(2977,573,335,2,20180118,NULL,NULL),(2978,740,338,2,20180119,NULL,NULL),(2979,723,339,2,20180119,NULL,NULL),(2980,751,339,2,20180118,NULL,NULL),(2981,599,340,2,20180210,NULL,NULL),(2982,735,340,2,20180210,NULL,NULL),(2983,686,340,2,20180211,NULL,NULL),(2984,731,340,2,20180210,NULL,NULL),(2985,604,343,2,20180211,NULL,NULL),(2986,574,345,2,20180126,NULL,NULL),(2987,683,346,2,20180222,NULL,NULL),(2988,757,347,2,20180114,NULL,NULL),(2989,558,261,3,20180131,NULL,NULL),(2990,576,262,3,20180207,NULL,NULL),(2991,750,265,3,20180205,NULL,NULL),(2992,737,275,3,20180209,NULL,NULL),(2993,662,277,3,20180204,NULL,NULL),(2994,766,278,3,20180202,NULL,NULL),(2995,621,280,3,20180120,NULL,NULL),(2997,657,281,3,20180130,NULL,NULL),(2998,561,286,3,20180124,NULL,NULL),(2999,566,292,3,20180201,NULL,NULL),(3000,636,302,3,20180129,NULL,NULL),(3001,606,303,3,20180126,NULL,NULL),(3002,529,304,3,20180219,NULL,NULL),(3003,545,308,3,20180228,NULL,NULL),(3004,771,311,3,20180121,NULL,NULL),(3005,627,312,3,20180117,NULL,NULL),(3007,640,315,3,20180212,NULL,NULL),(3008,595,319,3,20180128,NULL,NULL),(3009,689,323,3,20180125,NULL,NULL),(3010,761,325,3,20180305,NULL,NULL),(3012,596,329,3,20180128,NULL,NULL),(3014,573,335,3,20180122,NULL,NULL),(3015,751,339,3,20180123,NULL,NULL),(3016,683,346,3,20180225,NULL,NULL),(3017,757,347,3,20180115,NULL,NULL),(3018,558,261,4,20180202,NULL,NULL),(3019,576,262,4,20180208,NULL,NULL),(3020,750,265,4,20180210,NULL,NULL),(3021,737,275,4,20180210,NULL,NULL),(3022,662,277,4,20180205,NULL,NULL),(3023,766,278,4,20180202,NULL,NULL),(3024,621,280,4,20180123,NULL,NULL),(3025,706,280,5,20180120,NULL,NULL),(3026,657,281,4,20180201,NULL,NULL),(3027,561,286,4,20180126,NULL,NULL),(3028,566,292,4,20180202,NULL,NULL),(3029,636,302,4,20180129,NULL,NULL),(3030,606,303,4,20180126,NULL,NULL),(3031,529,304,4,20180224,NULL,NULL),(3032,545,308,4,20180303,NULL,NULL),(3033,771,311,4,20180122,NULL,NULL),(3034,627,312,4,20180119,NULL,NULL),(3036,640,315,4,20180213,NULL,NULL),(3037,595,319,4,20180128,NULL,NULL),(3038,689,323,4,20180127,NULL,NULL),(3039,761,325,4,20180307,NULL,NULL),(3040,715,325,5,20180310,NULL,NULL),(3041,596,329,4,20180130,NULL,NULL),(3042,669,329,5,20180128,NULL,NULL),(3043,573,335,4,20180123,NULL,NULL),(3044,751,339,4,20180127,NULL,NULL),(3045,683,346,4,20180226,NULL,NULL),(3046,757,347,4,20180118,NULL,NULL),(3047,593,261,5,20180127,NULL,3),(3048,688,262,5,20180205,NULL,1),(3049,661,264,5,20180226,NULL,2),(3050,582,264,5,20180302,NULL,3),(3051,659,271,5,20180118,NULL,3),(3052,631,272,5,20180210,NULL,2),(3053,572,274,5,20180226,NULL,2),(3054,542,275,5,20180208,NULL,2),(3055,768,276,5,20180226,NULL,4),(3056,764,280,5,20180120,NULL,1),(3057,563,283,5,20180126,NULL,4),(3058,539,286,5,20180122,NULL,1),(3059,547,287,5,20180127,NULL,1),(3060,760,290,5,20180129,NULL,1),(3061,598,291,5,20180123,NULL,3),(3062,532,294,5,20180208,NULL,1),(3063,756,300,5,20180203,NULL,1),(3064,603,301,5,20180217,NULL,1),(3065,555,306,5,20180307,NULL,4),(3066,710,307,5,20180223,NULL,2),(3067,728,319,5,20180130,NULL,4),(3068,526,327,5,20180204,NULL,4),(3069,773,327,5,20180205,NULL,4),(3070,528,329,5,20180124,NULL,3),(3071,772,333,5,20180129,NULL,2),(3072,599,340,5,20180211,NULL,1);

/*Table structure for table `vacantes_nombre` */

DROP TABLE IF EXISTS `vacantes_nombre`;

CREATE TABLE `vacantes_nombre` (
  `id` bigint(20) NOT NULL AUTO_INCREMENT,
  `nombre` text NOT NULL COMMENT 'nombre del puesto',
  PRIMARY KEY (`id`)
) ENGINE=InnoDB AUTO_INCREMENT=2 DEFAULT CHARSET=latin1;

/*Data for the table `vacantes_nombre` */

insert  into `vacantes_nombre`(`id`,`nombre`) values (1,'Ayudante General');

/*Table structure for table `vacantes_procesos` */

DROP TABLE IF EXISTS `vacantes_procesos`;

CREATE TABLE `vacantes_procesos` (
  `id` bigint(20) NOT NULL AUTO_INCREMENT COMMENT 'id',
  `nombre` text NOT NULL COMMENT 'nombre del proceso',
  `orden` int(11) NOT NULL COMMENT 'orden de proceso',
  `cierra_proceso` tinyint(1) DEFAULT NULL COMMENT 'si es fin de proceso - pueden ser varios',
  `cierra_vacante` tinyint(4) DEFAULT '0',
  `comment` text,
  PRIMARY KEY (`id`)
) ENGINE=InnoDB AUTO_INCREMENT=6 DEFAULT CHARSET=latin1;

/*Data for the table `vacantes_procesos` */

insert  into `vacantes_procesos`(`id`,`nombre`,`orden`,`cierra_proceso`,`cierra_vacante`,`comment`) values (1,'Solicitud',1,0,0,'Debe existir, aqui inicia el proceso (obligatorio)'),(2,'Entrevista',2,0,0,NULL),(3,'Contrato',3,0,0,NULL),(4,'Ingreso',4,1,1,'Debe existir, aqui se llena la vacante del proceso (obligatorio)'),(5,'Rechazo',5,1,0,'Debe existir, aqui son lo rechazos el proceso (obligatorio)');

/*Table structure for table `vacantes_status` */

DROP TABLE IF EXISTS `vacantes_status`;

CREATE TABLE `vacantes_status` (
  `id` bigint(20) NOT NULL AUTO_INCREMENT,
  `nombre` text,
  PRIMARY KEY (`id`)
) ENGINE=InnoDB AUTO_INCREMENT=3 DEFAULT CHARSET=latin1;

/*Data for the table `vacantes_status` */

insert  into `vacantes_status`(`id`,`nombre`) values (1,'Abierta'),(2,'Cerrada');

/*!40101 SET SQL_MODE=@OLD_SQL_MODE */;
/*!40014 SET FOREIGN_KEY_CHECKS=@OLD_FOREIGN_KEY_CHECKS */;
/*!40014 SET UNIQUE_CHECKS=@OLD_UNIQUE_CHECKS */;
/*!40111 SET SQL_NOTES=@OLD_SQL_NOTES */;
