id_candidato,id_vacante,proceso,fecha,id_rechazo,cambio_vacante
1024,2307,1,20180115,0,0
1024,2307,2,20180115,0,0
1024,2307,3,20180117,0,0
1024,2307,4,20180122,0,0
1025,2508,1,20180115,0,0
1025,2508,2,20180116,0,0
1025,2508,3,20180117,0,0
1025,2508,4,20180123,0,0
1026,2492,1,20180125,0,0
1026,2492,2,20180125,0,0
1026,2492,3,20180131,0,0
1026,2492,4,20180206,0,0
1027,2371,1,20180206,0,0
1027,2371,2,20180206,0,0
1027,2371,3,20180209,0,0
1027,2371,4,20180215,0,0
1028,2547,1,20180301,0,0
1028,2547,2,20180302,0,0
1028,2547,3,20180306,0,0
1028,2547,4,20180309,0,0
1029,2402,1,20180101,0,0
1029,2402,2,20180101,0,0
1029,2402,3,20180202,0,0
1029,2402,4,20180206,0,0
1030,2551,1,20180403,0,0
1030,2551,2,20180403,0,0
1030,2551,3,20180413,0,0
1030,2551,4,20180417,0,0
1031,2511,1,20180403,0,0
1031,2511,2,20180403,0,0
1031,2511,3,20180406,0,0
1031,2511,4,20180412,0,0
1032,2548,1,20180406,0,0
1032,2548,2,20180406,0,0
1032,2548,3,20180413,0,0
1032,2548,4,20180419,0,0
1033,2366,1,20180131,0,0
1033,2366,2,20180201,0,0
1033,2366,3,20180208,0,0
1033,2366,4,20180213,0,0
1034,2593,1,20180111,0,0
1034,2593,2,20180112,0,0
1034,2593,3,20180116,0,0
1034,2593,4,20180123,0,0
1035,2346,1,20180323,0,0
1035,2346,2,20180324,0,0
1035,2346,3,20180328,0,0
1035,2346,4,20180402,0,0
1036,2586,1,20180115,0,0
1036,2586,2,20180115,0,0
1036,2586,3,20180118,0,0
1036,2586,4,20180123,0,0
1037,2538,1,20180212,0,0
1037,2538,2,20180212,0,0
1037,2538,3,20180215,0,0
1037,2538,4,20180220,0,0
1038,2340,1,20180228,0,0
1038,2340,2,20180228,0,0
1038,2340,3,20180308,0,0
1038,2340,4,20180313,0,0
1039,2373,1,20180104,0,0
1039,2373,2,20180104,0,0
1039,2373,3,20180122,0,0
1039,2373,4,20180126,0,0
1040,2575,1,20180226,0,0
1040,2575,2,20180226,0,0
1040,2575,5,20180227,9,0
1041,2625,1,20180126,0,0
1041,2625,2,20180127,0,0
1041,2625,3,20180130,0,0
1041,2625,4,20180202,0,0
1042,2557,1,20180101,0,0
1042,2557,2,20180102,0,0
1042,2557,4,20180102,0,0
1043,2570,1,20180101,0,0
1043,2570,2,20180102,0,0
1043,2570,4,20180102,0,0
1044,2330,1,20181228,0,0
1044,2330,2,20181228,0,0
1044,2330,3,20181229,0,0
1044,2330,4,20180102,0,0
1045,2522,1,20180101,0,0
1045,2522,2,20180101,0,0
1045,2522,3,20180103,0,0
1045,2522,4,20180105,0,0
1046,2310,1,20180101,0,0
1046,2310,2,20180102,0,0
1046,2310,3,20180103,0,0
1046,2310,4,20180105,0,0
1047,2467,1,20180101,0,0
1047,2467,2,20180101,0,0
1047,2467,3,20180103,0,0
1047,2467,4,20180105,0,0
1048,2550,1,20180101,0,0
1048,2550,2,20180101,0,0
1048,2550,3,20180103,0,0
1048,2550,4,20180105,0,0
1049,2554,1,20180101,0,0
1049,2554,2,20180102,0,0
1049,2554,4,20180105,0,0
1050,2480,1,20180101,0,0
1050,2480,2,20180102,0,0
1050,2480,4,20180105,0,0
1051,2640,1,20180101,0,0
1051,2640,2,20180101,0,0
1051,2640,4,20180105,0,0
1052,2377,1,20180101,0,0
1052,2377,2,20180101,0,0
1052,2377,4,20180108,0,0
1053,2472,1,20180101,0,0
1053,2472,2,20180102,0,0
1053,2472,4,20180109,0,0
1054,2331,1,20180101,0,0
1054,2331,2,20180102,0,0
1054,2331,4,20180109,0,0
1055,2480,1,20180101,0,0
1055,2480,2,20180101,0,0
1055,2480,4,20180109,0,0
1056,2531,1,20180101,0,0
1056,2531,2,20180102,0,0
1056,2531,4,20180109,0,0
1057,2561,1,20180101,0,0
1057,2561,2,20180102,0,0
1057,2561,4,20180109,0,0
1058,2621,1,20180101,0,0
1058,2621,2,20180101,0,0
1058,2621,4,20180109,0,0
1059,2491,1,20180101,0,0
1059,2491,2,20180102,0,0
1059,2491,4,20180112,0,0
1060,2447,1,20180101,0,0
1060,2447,2,20180101,0,0
1060,2447,4,20180112,0,0
1061,2447,1,20180101,0,0
1061,2447,2,20180101,0,0
1061,2447,3,20180109,0,0
1061,2447,4,20180112,0,0
1062,2369,1,20180101,0,0
1062,2369,2,20180101,0,0
1062,2369,3,20180109,0,0
1062,2369,4,20180112,0,0
1063,2519,1,20180101,0,0
1063,2519,2,20180102,0,0
1063,2519,3,20180109,0,0
1063,2519,4,20180112,0,0
1064,2348,1,20180101,0,0
1064,2348,2,20180102,0,0
1064,2348,4,20180112,0,0
1065,2429,1,20180101,0,0
1065,2429,2,20180102,0,0
1065,2429,4,20180112,0,0
1066,2531,1,20180101,0,0
1066,2531,2,20180101,0,0
1066,2531,4,20180112,0,0
1067,2560,1,20180101,0,0
1067,2560,2,20180103,0,0
1067,2560,3,20180109,0,0
1067,2560,4,20180112,0,0
1068,2602,1,20180101,0,0
1068,2602,2,20180102,0,0
1068,2602,3,20180111,0,0
1068,2602,4,20180115,0,0
1069,2472,1,20180101,0,0
1069,2472,2,20180103,0,0
1069,2472,3,20180111,0,0
1069,2472,4,20180115,0,0
1070,2440,1,20180101,0,0
1070,2440,2,20180101,0,0
1070,2440,4,20180115,0,0
1071,2331,1,20180101,0,0
1071,2331,2,20180102,0,0
1071,2331,3,20180112,0,0
1071,2331,4,20180116,0,0
1072,2608,1,20180101,0,0
1072,2608,2,20180102,0,0
1072,2608,4,20180116,0,0
1073,2515,1,20180101,0,0
1073,2515,2,20180102,0,0
1073,2515,3,20180112,0,0
1073,2515,4,20180116,0,0
1074,2489,1,20180101,0,0
1074,2489,2,20180101,0,0
1074,2489,3,20180112,0,0
1074,2489,4,20180116,0,0
1075,2342,1,20180101,0,0
1075,2342,2,20180102,0,0
1075,2342,3,20180112,0,0
1075,2342,4,20180116,0,0
1076,2369,1,20180101,0,0
1076,2369,2,20180102,0,0
1076,2369,4,20180116,0,0
1077,2553,1,20180101,0,0
1077,2553,2,20180102,0,0
1077,2553,4,20180116,0,0
1078,2623,1,20180110,0,0
1078,2623,2,20180111,0,0
1078,2623,3,20180112,0,0
1078,2623,4,20180119,0,0
1079,2507,1,20180111,0,0
1079,2507,2,20180112,0,0
1079,2507,3,20180116,0,0
1079,2507,4,20180119,0,0
1080,2324,1,20180112,0,0
1080,2324,2,20180112,0,0
1080,2324,3,20180118,0,0
1080,2324,4,20180122,0,0
1081,2523,1,20180115,0,0
1081,2523,2,20180115,0,0
1081,2523,3,20180118,0,0
1081,2523,4,20180122,0,0
1082,2316,1,20180115,0,0
1082,2316,2,20180116,0,0
1082,2316,3,20180118,0,0
1082,2316,4,20180122,0,0
1083,2456,1,20180115,0,0
1083,2456,2,20180115,0,0
1083,2456,3,20180116,0,0
1083,2456,4,20180122,0,0
1084,2614,1,20180115,0,0
1084,2614,2,20180116,0,0
1084,2614,3,20180119,0,0
1084,2614,4,20180123,0,0
1085,2615,1,20180117,0,0
1085,2615,2,20180118,0,0
1085,2615,3,20180118,0,0
1085,2615,4,20180123,0,0
1086,2603,1,20180112,0,0
1086,2603,2,20180113,0,0
1086,2603,3,20180119,0,0
1086,2603,4,20180123,0,0
1087,2441,1,20180115,0,0
1087,2441,2,20180116,0,0
1087,2441,3,20180119,0,0
1087,2441,4,20180123,0,0
1088,2455,1,20180112,0,0
1088,2455,2,20180113,0,0
1088,2455,3,20180119,0,0
1088,2455,4,20180123,0,0
1089,2563,1,20180112,0,0
1089,2563,2,20180112,0,0
1089,2563,3,20180122,0,0
1089,2563,4,20170123,0,0
1090,2325,1,20180116,0,0
1090,2325,2,20180116,0,0
1090,2325,3,20180119,0,0
1090,2325,4,20180123,0,0
1091,2441,1,20180115,0,0
1091,2441,2,20180115,0,0
1091,2441,3,20180119,0,0
1091,2441,4,20180123,0,0
1092,2573,1,20180117,0,0
1092,2573,2,20180119,0,0
1092,2573,3,20180122,0,0
1092,2573,4,20180126,0,0
1093,2633,1,20180118,0,0
1093,2633,2,20180118,0,0
1093,2633,3,20180124,0,0
1093,2633,4,20180126,0,0
1094,2456,1,20180115,0,0
1094,2456,2,20180117,0,0
1094,2456,3,20180123,0,0
1094,2456,4,20180126,0,0
1095,2525,1,20180118,0,0
1095,2525,2,20180118,0,0
1095,2525,3,20180124,0,0
1095,2525,4,20180126,0,0
1096,2474,1,20180116,0,0
1096,2474,2,20180117,0,0
1096,2474,3,20180122,0,0
1096,2474,4,20180126,0,0
1097,2456,1,20180122,0,0
1097,2456,2,20180122,0,0
1097,2456,3,20180124,0,0
1097,2456,4,20180126,0,0
1098,2499,1,20180115,0,0
1098,2499,2,20180115,0,0
1098,2499,3,20180122,0,0
1098,2499,4,20180129,0,0
1099,2343,1,20180122,0,0
1099,2343,2,20180123,0,0
1099,2343,3,20180123,0,0
1099,2343,4,20180129,0,0
1100,2546,1,20180122,0,0
1100,2546,2,20180123,0,0
1100,2546,3,20180124,0,0
1100,2546,4,20180129,0,0
1101,2579,1,20180123,0,0
1101,2579,2,20180123,0,0
1101,2579,3,20180125,0,0
1101,2579,4,20180129,0,0
1102,2497,1,20180122,0,0
1102,2497,2,20180123,0,0
1102,2497,3,20180125,0,0
1102,2497,4,20180129,0,0
1103,2308,1,20180115,0,0
1103,2308,2,20180115,0,0
1103,2308,3,20180122,0,0
1103,2308,4,20180129,0,0
1104,2532,1,20180123,0,0
1104,2532,2,20180124,0,0
1104,2532,3,20180124,0,0
1104,2532,4,20180129,0,0
1105,2374,1,20180122,0,0
1105,2374,2,20180123,0,0
1105,2374,3,20180124,0,0
1105,2374,4,20180129,0,0
1106,2395,1,20180101,0,0
1106,2395,2,20180102,0,0
1106,2395,4,20180129,0,0
1107,2396,1,20180115,0,0
1107,2396,2,20180115,0,0
1107,2396,3,20180124,0,0
1107,2396,4,20180129,0,0
1108,2604,1,20180118,0,0
1108,2604,2,20180118,0,0
1108,2604,3,20180124,0,0
1108,2604,4,20180129,0,0
1109,2459,1,20180123,0,0
1109,2459,2,20180123,0,0
1109,2459,3,20180126,0,0
1109,2459,4,20180130,0,0
1110,2531,1,20180115,0,0
1110,2531,2,20180115,0,0
1110,2531,3,20180117,0,0
1110,2531,4,20180119,0,0
1111,2524,1,20180116,0,0
1111,2524,2,20180116,0,0
1111,2524,3,20180126,0,0
1111,2524,4,20180130,0,0
1112,2504,1,20180101,0,0
1112,2504,2,20180102,0,0
1112,2504,3,20180202,0,0
1112,2504,4,20180202,0,0
1113,2422,1,20180123,0,0
1113,2422,2,20180124,0,0
1113,2422,3,20180131,0,0
1113,2422,4,20180202,0,0
1114,2436,1,20180122,0,0
1114,2436,2,20180122,0,0
1114,2436,3,20180126,0,0
1114,2436,4,20180202,0,0
1115,2357,1,20180129,0,0
1115,2357,2,20180131,0,0
1115,2357,3,20180131,0,0
1115,2357,4,20180202,0,0
1116,2561,1,20180101,0,0
1116,2561,2,20180101,0,0
1116,2561,4,20180202,0,0
1117,2361,1,20180123,0,0
1117,2361,2,20180124,0,0
1117,2361,3,20180131,0,0
1117,2361,4,20180202,0,0
1118,2475,1,20180123,0,0
1118,2475,2,20180124,0,0
1118,2475,3,20180129,0,0
1118,2475,4,20180202,0,0
1119,2635,1,20180129,0,0
1119,2635,2,20180131,0,0
1119,2635,3,20180131,0,0
1119,2635,4,20180202,0,0
1120,2336,1,20180129,0,0
1120,2336,2,20180201,0,0
1120,2336,3,20180131,0,0
1120,2336,4,20180202,0,0
1121,2376,1,20180130,0,0
1121,2376,2,20180130,0,0
1121,2376,3,20180131,0,0
1121,2376,4,20180202,0,0
1122,2587,1,20180116,0,0
1122,2587,2,20180116,0,0
1122,2587,3,20180131,0,0
1122,2587,4,20180202,0,0
1123,2459,1,20180123,0,0
1123,2459,2,20180123,0,0
1123,2459,3,20180129,0,0
1123,2459,4,20180202,0,0
1124,2616,1,20180129,0,0
1124,2616,2,20180129,0,0
1124,2616,3,20180131,0,0
1124,2616,4,20180206,0,0
1126,2533,1,20180125,0,0
1126,2533,2,20180127,0,0
1126,2533,3,20180201,0,0
1126,2533,4,20180206,0,0
1127,2515,1,20180101,0,0
1127,2515,2,20180101,0,0
1127,2515,3,20180206,0,0
1127,2515,4,20180206,0,0
1128,2326,1,20180201,0,0
1128,2326,2,20180203,0,0
1128,2326,3,20180201,0,0
1128,2326,4,20180206,0,0
1130,2049,1,20180129,0,0
1130,2049,2,20180130,0,0
1130,2049,3,20180131,0,0
1130,2049,4,20180209,0,0
1131,2353,1,20180202,0,0
1131,2353,2,20180202,0,0
1131,2353,3,20180206,0,0
1131,2353,4,20180209,0,0
1133,2317,1,20180201,0,0
1133,2317,2,20180202,0,0
1133,2317,3,20180206,0,0
1133,2317,4,20180209,0,0
1134,2468,1,20180206,0,0
1134,2468,2,20180206,0,0
1134,2468,3,20180208,0,0
1134,2468,4,20180212,0,0
1137,2640,1,20180101,0,0
1137,2640,2,20180101,0,0
1138,2362,1,20180206,0,0
1138,2362,2,20180206,0,0
1138,2362,3,20180208,0,0
1138,2362,4,20180212,0,0
1139,2527,1,20180208,0,0
1139,2527,2,20180209,0,0
1139,2527,3,20180209,0,0
1139,2527,4,20180213,0,0
1140,2605,1,20180208,0,0
1140,2605,2,20180209,0,0
1140,2605,3,20180209,0,0
1140,2605,4,20180213,0,0
1142,2403,1,20180207,0,0
1142,2403,2,20180207,0,0
1142,2403,3,20180208,0,0
1142,2403,4,20180213,0,0
1143,2535,1,20180208,0,0
1143,2535,2,20180209,0,0
1143,2535,3,20180209,0,0
1143,2535,4,20180213,0,0
1144,2535,1,20180208,0,0
1144,2535,2,20180208,0,0
1144,2535,3,20180209,0,0
1144,2535,4,20180213,0,0
1145,2528,1,20180208,0,0
1145,2528,2,20180208,0,0
1145,2528,3,20180209,0,0
1145,2528,4,20180213,0,0
1146,2476,1,20180214,0,0
1146,2476,2,20180215,0,0
1146,2476,3,20180214,0,0
1146,2476,4,20180216,0,0
1147,2405,1,20180206,0,0
1147,2405,2,20180207,0,0
1147,2405,3,20180212,0,0
1147,2405,4,20180216,0,0
1148,2388,1,20180131,0,0
1148,2388,2,20180201,0,0
1148,2388,3,20180212,0,0
1148,2388,4,20180216,0,0
1149,2537,1,20180209,0,0
1149,2537,2,20180210,0,0
1149,2537,3,20180213,0,0
1149,2537,4,20180216,0,0
1150,2499,1,20180213,0,0
1150,2499,2,20180213,0,0
1150,2499,3,20180214,0,0
1150,2499,4,20180219,0,0
1151,2574,1,20180214,0,0
1151,2574,2,20180214,0,0
1151,2574,3,20180216,0,0
1151,2574,4,20180220,0,0
1152,2509,1,20180214,0,0
1152,2509,2,20180214,0,0
1152,2509,3,20180216,0,0
1152,2509,4,20180220,0,0
1153,2349,1,20180214,0,0
1153,2349,2,20180214,0,0
1153,2349,3,20180215,0,0
1153,2349,4,20180220,0,0
1154,2338,1,20180214,0,0
1154,2338,2,20180214,0,0
1154,2338,3,20180216,0,0
1154,2338,4,20180220,0,0
1155,2481,1,20180213,0,0
1155,2481,2,20180213,0,0
1155,2481,3,20180215,0,0
1155,2481,4,20180220,0,0
1156,2564,1,20180213,0,0
1156,2564,2,20180214,0,0
1156,2564,3,20180216,0,0
1156,2564,4,20180220,0,0
1157,2423,1,20180215,0,0
1157,2423,2,20180216,0,0
1157,2423,3,20180216,0,0
1157,2423,4,20180220,0,0
1158,2389,1,20180202,0,0
1158,2389,2,20180202,0,0
1158,2389,3,20180219,0,0
1158,2389,4,20180223,0,0
1159,2638,1,20180219,0,0
1159,2638,2,20180220,0,0
1159,2638,3,20180221,0,0
1159,2638,4,20180226,0,0
1160,2461,1,20180219,0,0
1160,2461,2,20180219,0,0
1160,2461,3,20180222,0,0
1160,2461,4,20180226,0,0
1161,2407,1,20180219,0,0
1161,2407,2,20180219,0,0
1161,2407,3,20180221,0,0
1161,2407,4,20180226,0,0
1162,2476,1,20180207,0,0
1162,2476,2,20180207,0,0
1162,2476,3,20180221,0,0
1162,2476,4,20180226,0,0
1163,2588,1,20180219,0,0
1163,2588,2,20180219,0,0
1163,2588,3,20180221,0,0
1163,2588,4,20180226,0,0
1164,2335,1,20180219,0,0
1164,2335,2,20180220,0,0
1164,2335,3,20180222,0,0
1164,2335,4,20180126,0,0
1164,2335,5,20180220,1,0
1165,2424,1,20180219,0,0
1165,2424,2,20180219,0,0
1165,2424,3,20180222,0,0
1165,2424,4,20180226,0,0
1166,2478,1,20180219,0,0
1166,2478,2,20180219,0,0
1166,2478,3,20180222,0,0
1166,2478,4,20180226,0,0
1167,2415,1,20180221,0,0
1167,2415,2,20180222,0,0
1167,2415,3,20180222,0,0
1167,2415,4,20180226,0,0
1168,2626,1,20180220,0,0
1168,2626,2,20180221,0,0
1168,2626,3,20180221,0,0
1168,2626,4,20180226,0,0
1169,2339,1,20180220,0,0
1169,2339,2,20180220,0,0
1169,2339,3,20180223,0,0
1169,2339,4,20180226,0,0
1170,2539,1,20180213,0,0
1170,2539,2,20180213,0,0
1170,2539,3,20180222,0,0
1170,2539,4,20180226,0,0
1171,2363,1,20180221,0,0
1171,2363,2,20180222,0,0
1171,2363,3,20180223,0,0
1171,2363,4,20180227,0,0
1172,2597,1,20180222,0,0
1172,2597,2,20180222,0,0
1172,2597,3,20180226,0,0
1172,2597,4,20180302,0,0
1173,2363,1,20180221,0,0
1173,2363,2,20180223,0,0
1173,2363,3,20180302,0,0
1173,2363,4,20180305,0,0
1174,2333,1,20180220,0,0
1174,2333,2,20180220,0,0
1174,2333,3,20180228,0,0
1174,2333,4,20180305,0,0
1175,2408,1,20180227,0,0
1175,2408,2,20180227,0,0
1175,2408,3,20180302,0,0
1175,2408,4,20180305,0,0
1176,2606,1,20180226,0,0
1176,2606,2,20180227,0,0
1176,2606,3,20180228,0,0
1176,2606,4,20180305,0,0
1177,2597,1,20180222,0,0
1177,2597,2,20180222,0,0
1177,2597,3,20180302,0,0
1177,2597,4,20180306,0,0
1178,2493,1,20180223,0,0
1178,2493,2,20180223,0,0
1178,2493,3,20180302,0,0
1178,2493,4,20180306,0,0
1179,2642,1,20180301,0,0
1179,2642,2,20180303,0,0
1179,2642,3,20180302,0,0
1179,2642,4,20180306,0,0
1180,2540,1,20180228,0,0
1180,2540,2,20180228,0,0
1180,2540,3,20180301,0,0
1180,2540,4,20180306,0,0
1181,2390,1,20180227,0,0
1181,2390,2,20180227,0,0
1181,2390,3,20180302,0,0
1181,2390,4,20180306,0,0
1182,2636,1,20180226,0,0
1182,2636,2,20180227,0,0
1182,2636,3,20180302,0,0
1182,2636,4,20180305,0,0
1183,2565,1,20180226,0,0
1183,2565,2,20180227,0,0
1183,2565,3,20180302,0,0
1183,2565,4,20180305,0,0
1184,2513,1,20180228,0,0
1184,2513,2,20180228,0,0
1184,2513,3,20180302,0,0
1184,2513,4,20180306,0,0
1185,2432,1,20180228,0,0
1185,2432,2,20180301,0,0
1185,2432,3,20180302,0,0
1185,2432,4,20180306,0,0
1186,2627,1,20180228,0,0
1186,2627,2,20180301,0,0
1186,2627,3,20180301,0,0
1186,2627,4,20180306,0,0
1187,2589,1,20180305,0,0
1187,2589,2,20180305,0,0
1187,2589,3,20180308,0,0
1187,2589,4,20180312,0,0
1188,2486,1,20180302,0,0
1188,2486,2,20180302,0,0
1188,2486,3,20180308,0,0
1188,2486,4,20180312,0,0
1189,2575,1,20180305,0,0
1189,2575,2,20180306,0,0
1189,2575,3,20180308,0,0
1189,2575,4,20180313,0,0
1190,2628,1,20180301,0,0
1190,2628,2,20180302,0,0
1190,2628,3,20180307,0,0
1190,2628,4,20180313,0,0
1191,2482,1,20180301,0,0
1191,2482,2,20180301,0,0
1191,2482,3,20180307,0,0
1191,2482,4,20180313,0,0
1192,2576,1,20180305,0,0
1192,2576,2,20180305,0,0
1192,2576,3,20180309,0,0
1192,2576,4,20180313,0,0
1193,2416,1,20180307,0,0
1193,2416,2,20180308,0,0
1193,2416,3,20180309,0,0
1193,2416,4,20180313,0,0
1194,2344,1,20180302,0,0
1194,2344,2,20180302,0,0
1194,2344,3,20180309,0,0
1194,2344,4,20180313,0,0
1195,2391,1,20180307,0,0
1195,2391,2,20180308,0,0
1195,2391,3,20180309,0,0
1195,2391,4,20180313,0,0
1196,2358,1,20180308,0,0
1196,2358,2,20180308,0,0
1196,2358,3,20180308,0,0
1196,2358,4,20180313,0,0
1197,2409,1,20180305,0,0
1197,2409,2,20180305,0,0
1197,2409,3,20180308,0,0
1197,2409,4,20180313,0,0
1198,2312,1,20180302,0,0
1198,2312,2,20180303,0,0
1198,2312,3,20180307,0,0
1198,2312,4,20180313,0,0
1199,2410,1,20180307,0,0
1199,2410,2,20180307,0,0
1199,2410,3,20180309,0,0
1199,2410,4,20180313,0,0
1200,2610,1,20180307,0,0
1200,2610,2,20180307,0,0
1200,2610,3,20180309,0,0
1200,2610,4,20180313,0,0
1201,2631,1,20180226,0,0
1201,2631,2,20180226,0,0
1201,2631,3,20180308,0,0
1201,2631,4,20180313,0,0
1202,2501,1,20180309,0,0
1202,2501,2,20180311,0,0
1202,2501,3,20180309,0,0
1202,2501,4,20180313,0,0
1203,2350,1,20180312,0,0
1203,2350,2,20180312,0,0
1203,2350,3,20180314,0,0
1203,2350,4,20180316,0,0
1204,2433,1,20180312,0,0
1204,2433,2,20180313,0,0
1204,2433,3,20180314,0,0
1204,2433,4,20180316,0,0
1205,2394,1,20180308,0,0
1205,2394,2,20180308,0,0
1205,2394,3,20180314,0,0
1205,2394,4,20180316,0,0
1206,2345,1,20180306,0,0
1206,2345,2,20180306,0,0
1206,2345,3,20180313,0,0
1206,2345,4,20180316,0,0
1207,2580,1,20180308,0,0
1207,2580,2,20180308,0,0
1207,2580,3,20180313,0,0
1207,2580,4,20180316,0,0
1208,2581,1,20180313,0,0
1208,2581,2,20180314,0,0
1208,2581,3,20180315,0,0
1208,2581,4,20180320,0,0
1209,2416,1,20180307,0,0
1209,2416,2,20180307,0,0
1209,2416,3,20180315,0,0
1209,2416,4,20180320,0,0
1210,2320,1,20180315,0,0
1210,2320,2,20180315,0,0
1210,2320,3,20180316,0,0
1210,2320,4,20180320,0,0
1211,2381,1,20180313,0,0
1211,2381,2,20180315,0,0
1211,2381,3,20180316,0,0
1211,2381,4,20180320,0,0
1212,2309,1,20180309,0,0
1212,2309,2,20180309,0,0
1212,2309,3,20180315,0,0
1212,2309,4,20180320,0,0
1213,2551,1,20180313,0,0
1213,2551,2,20180313,0,0
1213,2551,3,20180315,0,0
1213,2551,4,20180320,0,0
1214,2350,1,20180312,0,0
1214,2350,2,20180312,0,0
1214,2350,3,20180315,0,0
1214,2350,4,20180320,0,0
1215,2426,1,20180313,0,0
1215,2426,2,20180313,0,0
1215,2426,3,20180315,0,0
1215,2426,4,20180320,0,0
1216,2566,1,20180312,0,0
1216,2566,2,20180314,0,0
1216,2566,3,20180316,0,0
1216,2566,4,20180320,0,0
1217,2380,1,20180313,0,0
1217,2380,2,20180313,0,0
1217,2380,3,20180316,0,0
1217,2380,4,20180320,0,0
1218,2611,1,20180313,0,0
1218,2611,2,20180313,0,0
1218,2611,3,20180315,0,0
1218,2611,4,20180320,0,0
1219,2313,1,20180312,0,0
1219,2313,2,20180312,0,0
1219,2313,3,20180315,0,0
1219,2313,4,20180320,0,0
1220,2319,1,20180312,0,0
1220,2319,2,20180313,0,0
1220,2319,3,20180315,0,0
1220,2319,4,20180320,0,0
1221,2318,1,20180309,0,0
1221,2318,2,20180309,0,0
1221,2318,3,20180315,0,0
1221,2318,4,20180320,0,0
1222,2577,1,20180313,0,0
1222,2577,2,20180314,0,0
1222,2577,3,20180316,0,0
1222,2577,4,20180320,0,0
1223,2382,1,20180313,0,0
1223,2382,2,20180313,0,0
1223,2382,3,20180316,0,0
1223,2382,4,20180320,0,0
1224,2462,1,20180313,0,0
1224,2462,2,20180314,0,0
1224,2462,3,20180315,0,0
1224,2462,4,20180320,0,0
1225,2483,1,20180313,0,0
1225,2483,2,20180313,0,0
1225,2483,3,20180315,0,0
1225,2483,4,20180320,0,0
1226,2397,1,20180320,0,0
1226,2397,2,20180320,0,0
1226,2397,3,20180322,0,0
1226,2397,4,20180326,0,0
1227,2397,1,20180320,0,0
1227,2397,2,20180321,0,0
1227,2397,3,20180322,0,0
1227,2397,4,20180326,0,0
1228,2424,1,20180312,0,0
1228,2424,2,20180312,0,0
1228,2424,3,20180320,0,0
1228,2424,4,20180326,0,0
1229,2452,1,20180314,0,0
1229,2452,2,20180314,0,0
1229,2452,3,20180320,0,0
1229,2452,4,20180326,0,0
1230,2379,1,20180320,0,0
1230,2379,2,20180320,0,0
1230,2379,3,20180322,0,0
1230,2379,4,20180326,0,0
1231,2582,1,20180320,0,0
1231,2582,2,20180321,0,0
1231,2582,3,20180322,0,0
1231,2582,4,20180326,0,0
1232,2502,1,20180320,0,0
1232,2502,2,20180320,0,0
1232,2502,3,20180322,0,0
1232,2502,4,20180326,0,0
1233,2487,1,20180320,0,0
1233,2487,2,20180320,0,0
1233,2487,3,20180323,0,0
1233,2487,4,20180330,0,0
1234,2488,1,20180326,0,0
1234,2488,2,20180326,0,0
1234,2488,3,20180327,0,0
1234,2488,4,20180328,0,0
1235,2452,1,20180322,0,0
1235,2452,2,20180323,0,0
1235,2452,3,20180323,0,0
1235,2452,4,20180329,0,0
1236,2430,1,20180327,0,0
1236,2430,2,20180330,0,0
1236,2430,3,20180329,0,0
1236,2430,4,20180402,0,0
1237,2322,1,20180326,0,0
1237,2322,2,20180327,0,0
1237,2322,3,20180329,0,0
1237,2322,4,20180402,0,0
1238,2321,1,20180320,0,0
1238,2321,2,20180322,0,0
1238,2321,3,20180329,0,0
1238,2321,4,20180402,0,0
1239,2521,1,20180323,0,0
1239,2521,2,20180325,0,0
1239,2521,3,20180327,0,0
1239,2521,4,20180402,0,0
1240,2494,1,20180328,0,0
1240,2494,2,20180329,0,0
1240,2494,3,20180330,0,0
1240,2494,4,20180403,0,0
1241,2541,1,20180327,0,0
1241,2541,2,20180327,0,0
1241,2541,3,20180329,0,0
1241,2541,4,20180402,0,0
1242,2510,1,20180327,0,0
1242,2510,2,20180328,0,0
1242,2510,3,20180329,0,0
1242,2510,4,20180402,0,0
1243,2397,1,20180328,0,0
1243,2397,2,20180328,0,0
1243,2397,3,20180329,0,0
1243,2397,4,20180404,0,0
1244,2470,1,20180326,0,0
1244,2470,2,20180326,0,0
1244,2470,3,20180328,0,0
1244,2470,4,20180404,0,0
1245,2620,1,20180402,0,0
1245,2620,2,20180403,0,0
1245,2620,3,20180404,0,0
1245,2620,4,20180406,0,0
1246,2372,1,20180402,0,0
1246,2372,2,20180402,0,0
1246,2372,3,20180404,0,0
1246,2372,4,20180406,0,0
1247,2471,1,20180402,0,0
1247,2471,2,20180402,0,0
1247,2471,3,20180406,0,0
1247,2471,4,20180410,0,0
1248,2609,1,20180304,0,0
1248,2609,2,20180306,0,0
1248,2609,3,20180406,0,0
1248,2609,4,20180410,0,0
1249,2512,1,20180405,0,0
1249,2512,2,20180405,0,0
1249,2512,3,20180406,0,0
1249,2512,4,20180410,0,0
1250,2558,1,20180403,0,0
1250,2558,2,20180404,0,0
1250,2558,3,20180406,0,0
1250,2558,4,20180410,0,0
1251,2582,1,20180404,0,0
1251,2582,2,20180405,0,0
1251,2582,3,20180406,0,0
1251,2582,4,20180410,0,0
1252,2328,1,20180404,0,0
1252,2328,2,20180407,0,0
1252,2328,3,20180406,0,0
1252,2328,4,20180410,0,0
1253,2443,1,20180403,0,0
1253,2443,2,20180403,0,0
1253,2443,3,20180406,0,0
1253,2443,4,20180410,0,0
1254,2542,1,20180403,0,0
1254,2542,2,20180403,0,0
1254,2542,3,20180406,0,0
1254,2542,4,20180410,0,0
1255,2542,1,20180403,0,0
1255,2542,2,20180403,0,0
1255,2542,3,20180406,0,0
1255,2542,4,20180410,0,0
1256,2449,1,20180404,0,0
1256,2449,2,20180404,0,0
1256,2449,3,20180406,0,0
1256,2449,4,20180410,0,0
1257,2555,1,20180411,0,0
1257,2555,2,20180411,0,0
1257,2555,3,20180412,0,0
1257,2555,4,20180412,0,0
1258,2406,1,20180409,0,0
1258,2406,2,20180409,0,0
1258,2406,3,20180411,0,0
1258,2406,4,20180413,0,0
1259,2411,1,20180413,0,0
1259,2411,2,20180413,0,0
1259,2411,3,20180413,0,0
1259,2411,4,20180417,0,0
1260,2329,1,20180411,0,0
1260,2329,2,20180412,0,0
1260,2329,3,20180412,0,0
1260,2329,4,20180416,0,0
1261,2571,1,20180410,0,0
1261,2571,2,20180410,0,0
1261,2571,3,20180412,0,0
1261,2571,4,20180416,0,0
1262,2384,1,20180409,0,0
1262,2384,2,20180409,0,0
1262,2384,3,20180412,0,0
1262,2384,4,20180416,0,0
1263,2420,1,20180410,0,0
1263,2420,2,20180410,0,0
1263,2420,3,20180412,0,0
1263,2420,4,20180416,0,0
1264,2617,1,20180411,0,0
1264,2617,2,20180412,0,0
1264,2617,3,20180412,0,0
1264,2617,4,20180416,0,0
1265,2367,1,20180411,0,0
1265,2367,2,20180412,0,0
1265,2367,3,20180412,0,0
1265,2367,4,20180416,0,0
1266,2315,1,20180410,0,0
1266,2315,2,20180411,0,0
1266,2315,3,20180412,0,0
1266,2315,4,20180416,0,0
1267,2612,1,20180411,0,0
1267,2612,2,20180412,0,0
1267,2612,3,20180413,0,0
1267,2612,4,20180417,0,0
1268,2498,1,20180413,0,0
1268,2498,2,20180414,0,0
1268,2498,3,20180413,0,0
1268,2498,4,20180417,0,0
1270,2520,1,20180411,0,0
1270,2520,2,20180412,0,0
1270,2520,3,20180413,0,0
1270,2520,4,20180417,0,0
1271,2590,1,20180411,0,0
1271,2590,2,20180411,0,0
1271,2590,3,20180413,0,0
1271,2590,4,20180416,0,0
1272,2590,1,20180409,0,0
1272,2590,2,20180410,0,0
1272,2590,3,20180412,0,0
1272,2590,4,20180417,0,0
1273,2599,1,20180411,0,0
1273,2599,2,20180413,0,0
1273,2599,3,20180413,0,0
1273,2599,4,20180417,0,0
1274,2629,1,20180412,0,0
1274,2629,2,20180412,0,0
1274,2629,3,20180414,0,0
1274,2629,4,20180417,0,0
1275,2544,1,20180410,0,0
1275,2544,2,20180410,0,0
1275,2544,3,20180413,0,0
1275,2544,4,20180417,0,0
1276,2629,1,20180412,0,0
1276,2629,2,20180413,0,0
1276,2629,3,20180414,0,0
1276,2629,4,20180417,0,0
1277,2434,1,20180413,0,0
1277,2434,2,20180415,0,0
1277,2434,3,20180416,0,0
1277,2434,4,20180419,0,0
1278,2618,1,20180413,0,0
1278,2618,2,20180414,0,0
1278,2618,3,20180417,0,0
1278,2618,4,20180420,0,0
1279,2356,1,20180413,0,0
1279,2356,2,20180414,0,0
1279,2356,3,20180417,0,0
1279,2356,4,20180420,0,0
1280,2378,1,20180416,0,0
1280,2378,2,20180416,0,0
1280,2378,3,20180418,0,0
1280,2378,4,20180420,0,0
1281,2469,1,20180412,0,0
1281,2469,2,20180413,0,0
1281,2469,3,20180420,0,0
1281,2469,4,20180423,0,0
1282,2416,1,20180418,0,0
1282,2416,2,20180420,0,0
1282,2416,3,20180420,0,0
1282,2416,4,20180424,0,0
1283,2504,1,20180416,0,0
1283,2504,2,20180416,0,0
1283,2504,3,20180419,0,0
1283,2504,4,20180423,0,0
1284,2503,1,20180416,0,0
1284,2503,2,20180416,0,0
1284,2503,3,20180419,0,0
1284,2503,4,20180423,0,0
1285,2490,1,20180419,0,0
1285,2490,2,20180420,0,0
1285,2490,3,20180420,0,0
1285,2490,4,20180425,0,0
1286,2518,1,20180419,0,0
1286,2518,2,20180421,0,0
1286,2518,3,20180420,0,0
1286,2518,4,20180424,0,0
1287,2462,1,20180419,0,0
1287,2462,2,20180419,0,0
1287,2462,3,20180420,0,0
1287,2462,4,20180424,0,0
1288,2427,1,20180417,0,0
1288,2427,2,20180418,0,0
1288,2427,3,20180420,0,0
1288,2427,4,20180424,0,0
1289,2632,1,20180419,0,0
1289,2632,2,20180420,0,0
1289,2632,3,20180420,0,0
1289,2632,4,20180424,0,0
1290,2529,1,20180416,0,0
1290,2529,2,20180419,0,0
1290,2529,3,20180420,0,0
1290,2529,4,20180424,0,0
1291,2594,1,20180417,0,0
1291,2594,2,20180417,0,0
1291,2594,3,20180420,0,0
1291,2594,4,20180424,0,0
1292,2438,1,20180217,0,0
1292,2438,2,20180217,0,0
1292,2438,3,20180420,0,0
1292,2438,4,20180424,0,0
1293,2431,1,20180417,0,0
1293,2431,2,20180417,0,0
1293,2431,3,20180420,0,0
1293,2431,4,20180424,0,0
1294,2600,1,20180416,0,0
1294,2600,2,20180419,0,0
1294,2600,3,20180420,0,0
1294,2600,4,20180425,0,0
1295,2479,1,20180420,0,0
1295,2479,2,20180420,0,0
1295,2479,3,20180423,0,0
1295,2479,4,20180426,0,0
1296,2495,1,20180412,0,0
1296,2495,2,20180412,0,0
1296,2495,3,20180423,0,0
1296,2495,4,20180425,0,0
1297,2385,1,20180424,0,0
1297,2385,2,20180424,0,0
1297,2385,3,20180426,0,0
1297,2385,4,20180430,0,0
1298,2421,1,20180424,0,0
1298,2421,2,20180424,0,0
1298,2421,3,20180426,0,0
1298,2421,4,20180430,0,0
1299,2435,1,20180423,0,0
1299,2435,2,20180424,0,0
1299,2435,3,20180426,0,0
1299,2435,4,20180430,0,0
1300,2584,1,20180424,0,0
1300,2584,2,20180424,0,0
1300,2584,3,20180426,0,0
1300,2584,4,20180430,0,0
1301,2445,1,20180424,0,0
1301,2445,2,20180425,0,0
1301,2445,3,20180426,0,0
1301,2445,4,20180430,0,0
1302,2445,1,20180424,0,0
1302,2445,2,20180424,0,0
1302,2445,3,20180426,0,0
1302,2445,4,20180430,0,0
1303,2359,1,20180420,0,0
1303,2359,2,20180420,0,0
1303,2359,3,20180424,0,0
1303,2359,4,20180430,0,0
1304,2464,1,20180423,0,0
1304,2464,2,20180424,0,0
1304,2464,3,20180426,0,0
1304,2464,4,20180430,0,0
1305,2371,1,20180129,0,0
1305,2371,2,20180129,0,0
1305,2371,5,20180130,10,0
1306,2462,1,20180411,0,0
1306,2462,2,20180411,0,0
1306,2462,5,20180412,16,0
1307,2613,1,20180424,0,0
1307,2613,2,20180426,0,0
1307,2613,5,20180425,2,0
1308,2411,1,20180404,0,0
1308,2411,2,20180404,0,0
1309,2526,1,20180313,0,0
1309,2526,2,20180313,0,0
1309,2526,5,20180314,2,0
1310,2556,1,20180416,0,0
1310,2556,2,20180416,0,0
1310,2556,5,20180417,1,0
1311,2323,1,20180416,0,0
1311,2323,2,20180417,0,0
1311,2323,5,20180417,1,0
1312,2400,1,20180430,0,0
1312,2400,2,20180501,0,0
1312,2400,3,20180503,0,0
1312,2400,4,20180507,0,0
1313,2592,1,20180424,0,0
1313,2592,2,20180424,0,0
1313,2592,5,20180425,5,0
1314,2312,1,20180226,0,0
1314,2312,2,20180227,0,0
1314,2312,5,20180227,16,0
1315,2510,1,20180306,0,0
1315,2510,2,20180307,0,0
1315,2510,5,20180307,16,0
1316,2541,1,20180306,0,0
1316,2541,2,20180306,0,0
1316,2541,5,20180307,10,0
1317,2318,1,20180309,0,0
1317,2318,2,20180311,0,0
1317,2318,5,20180310,16,0
1318,2517,1,20180115,0,0
1318,2517,2,20180115,0,0
1318,2517,5,20180116,1,0
1319,2334,1,20180226,0,0
1319,2334,2,20180226,0,0
1319,2334,5,20180227,16,0
1320,2358,1,20180222,0,0
1320,2358,2,20180223,0,0
1320,2358,5,20180223,2,0
1321,2327,1,20180404,0,0
1321,2327,2,20180405,0,0
1321,2327,5,20180405,1,0
1322,2354,1,20180221,0,0
1322,2354,3,20180223,0,0
1322,2354,4,20180227,0,0
1323,2437,1,20180502,0,0
1323,2437,2,20180502,0,0
1323,2437,3,20180404,0,0
1323,2437,4,20180408,0,0
1324,2385,1,20180129,0,0
1324,2385,2,20180129,0,0
1324,2385,5,20180130,2,0
1325,2508,1,20180112,0,0
1325,2508,2,20180112,0,0
1325,2508,5,20180113,2,0
1326,2422,1,20180111,0,0
1326,2422,2,20180113,0,0
1326,2422,5,20180112,1,0
1327,2355,1,20180306,0,0
1327,2355,2,20180307,0,0
1327,2355,3,20180309,0,0
1327,2355,4,20180313,0,0
1328,2620,1,20180327,0,0
1328,2620,2,20180330,0,0
1328,2620,5,20180328,16,0
1329,2613,1,20180412,0,0
1329,2613,2,20180413,0,0
1329,2613,5,20180413,2,0
1330,2374,1,20180109,0,0
1330,2374,2,20180110,0,0
1330,2374,5,20180110,1,0
1331,2637,1,20180402,0,0
1331,2637,2,20180402,0,0
1331,2637,5,20180403,2,0
1332,2431,1,20180327,0,0
1332,2431,2,20180327,0,0
1332,2431,5,20180328,1,0
1333,2327,1,20180323,0,0
1333,2327,2,20180324,0,0
1333,2327,5,20180324,2,0
1334,2527,1,20180109,0,0
1334,2527,2,20180110,0,0
1334,2527,5,20180110,1,0
1335,2356,1,20180315,0,0
1335,2356,2,20180316,0,0
1335,2356,5,20180316,9,0
1336,2514,1,20180316,0,0
1336,2514,2,20180316,0,0
1336,2514,5,20180317,9,0
1337,2451,1,20180312,0,0
1337,2451,2,20180312,0,0
1337,2451,5,20180313,2,0
1338,2310,1,20180320,0,0
1338,2310,2,20180320,0,0
1338,2310,5,20180321,1,0
1339,2582,1,20180320,0,0
1339,2582,2,20180320,0,0
1339,2582,5,20180321,2,0
1340,2320,1,20180313,0,0
1340,2320,2,20180314,0,0
1340,2320,5,20180314,1,0
1341,2551,1,20180313,0,0
1341,2551,2,20180314,0,0
1341,2551,5,20180314,1,0
1342,2397,1,20180320,0,0
1342,2397,2,20180321,0,0
1342,2397,5,20180321,13,0
1343,2320,1,20180313,0,0
1343,2320,2,20180314,0,0
1343,2320,5,20180314,2,0
1344,2319,1,20180312,0,0
1344,2319,2,20180313,0,0
1344,2319,5,20180313,1,0
1345,2404,1,20180312,0,0
1345,2404,2,20180314,0,0
1345,2404,5,20180313,13,0
1346,2558,1,20180312,0,0
1346,2559,1,20180503,0,0
1346,2558,2,20180312,0,0
1346,2559,2,20180504,0,0
1346,2559,3,20180504,0,0
1346,2559,4,20180511,0,0
1346,2558,5,20180313,9,0
1347,2327,1,20180302,0,0
1347,2327,2,20180303,0,0
1347,2327,5,20180303,16,0
1348,2314,1,20180404,0,0
1348,2314,2,20180404,0,0
1349,2413,1,20180504,0,0
1349,2413,2,20180505,0,0
1350,2639,1,20180313,0,0
1350,2639,2,20180314,0,0
1350,2639,5,20180314,16,0
1351,2502,1,20180313,0,0
1351,2502,2,20180313,0,0
1351,2502,5,20180314,1,0
1352,2494,1,20180309,0,0
1352,2494,2,20180309,0,0
1352,2494,5,20180310,1,0
1353,2555,1,20180308,0,0
1353,2555,2,20180309,0,0
1353,2555,5,20180309,2,0
1355,2502,1,20180313,0,0
1355,2502,2,20180313,0,0
1355,2502,5,20180314,2,0
1356,2451,1,20180307,0,0
1356,2451,2,20180307,0,0
1356,2451,5,20180308,1,0
1357,2416,1,20180307,0,0
1357,2416,2,20180307,0,0
1357,2416,5,20180308,13,0
1359,2503,1,20180411,0,0
1359,2503,2,20180412,0,0
1359,2503,5,20180412,2,0
1360,2451,1,20180306,0,0
1360,2451,2,20180306,0,0
1360,2451,5,20180307,1,0
1361,2416,1,20180307,0,0
1361,2416,2,20180308,0,0
1361,2416,5,20180308,16,0
1362,2382,1,20180108,0,0
1362,2382,2,20180109,0,0
1362,2382,5,20180109,1,0
1363,2510,1,20180226,0,0
1363,2510,2,20180227,0,0
1363,2510,5,20180227,1,0
1364,2424,1,20180227,0,0
1364,2424,2,20180227,0,0
1364,2424,5,20180228,13,0
1365,2494,1,20180223,0,0
1365,2494,2,20180223,0,0
1365,2494,5,20180224,1,0
1366,2547,1,20180223,0,0
1366,2547,2,20180223,0,0
1366,2547,5,20180224,1,0
1367,2595,1,20180306,0,0
1367,2595,2,20180306,0,0
1367,2595,5,20180307,1,0
1368,2318,1,20180223,0,0
1368,2318,2,20180223,0,0
1368,2318,5,20180224,1,0
1369,2585,1,20180426,0,0
1369,2585,2,20180427,0,0
1370,2443,1,20180221,0,0
1370,2443,2,20180221,0,0
1370,2443,5,20180222,9,0
1371,2517,1,20180420,0,0
1371,2517,2,20180421,0,0
1371,2517,5,20180421,5,0
1372,2344,1,20180221,0,0
1372,2344,2,20180222,0,0
1372,2344,5,20180222,1,0
1373,2574,1,20180208,0,0
1373,2574,2,20180208,0,0
1373,2574,5,20180209,16,0
1374,2424,1,20180219,0,0
1374,2424,2,20180220,0,0
1374,2424,5,20180220,1,0
1375,2310,1,20180404,0,0
1375,2310,2,20180404,0,0
1375,2310,5,20180405,6,0
1376,2534,1,20180207,0,0
1376,2534,2,20180208,0,0
1376,2534,5,20180208,2,0
1377,2326,1,20180131,0,0
1377,2326,2,20180201,0,0
1377,2326,5,20180201,1,0
1378,2400,1,20180504,0,0
1378,2400,2,20180504,0,0
1379,2609,1,20180206,0,0
1379,2609,2,20180206,0,0
1379,2609,5,20180207,2,0
1380,2569,1,20180430,0,0
1380,2569,2,20180430,0,0
1380,2569,3,20180504,0,0
1380,2569,4,20180509,0,0
1381,2492,1,20180101,0,0
1381,2492,2,20180101,0,0
1381,2492,5,20180102,3,0
1382,2439,1,20180409,0,0
1382,2439,2,20180410,0,0
1382,2439,5,20180410,2,0
1383,2330,1,20180426,0,0
1383,2330,2,20180426,0,0
1383,2330,5,20180427,5,0
1384,2526,1,20180320,0,0
1384,2526,2,20180320,0,0
1384,2526,5,20180321,11,0
1385,2558,1,20180131,0,0
1385,2558,2,20180201,0,0
1385,2558,5,20180201,2,0
1386,2503,1,20180320,0,0
1386,2503,2,20180321,0,0
1386,2503,5,20180321,11,0
1387,2608,1,20180101,0,0
1387,2608,2,20180101,0,0
1387,2608,5,20180102,16,0
1388,2306,1,20180320,0,0
1388,2306,2,20180320,0,0
1388,2306,5,20180321,2,0
1389,2624,1,20180123,0,0
1389,2624,2,20180124,0,0
1389,2624,5,20180124,15,0
1390,2396,1,20180312,0,0
1390,2396,2,20180312,0,0
1390,2396,5,20180313,1,0
1391,2378,1,20180307,0,0
1391,2378,2,20180307,0,0
1391,2378,5,20180308,2,0
1392,2437,1,20180423,0,0
1392,2437,2,20180424,0,0
1392,2437,5,20180424,2,0
1393,2306,1,20180302,0,0
1393,2306,2,20180302,0,0
1393,2306,5,20180303,1,0
1394,2416,1,20180307,0,0
1394,2416,2,20180308,0,0
1394,2416,5,20180308,10,0
1395,2310,1,20180403,0,0
1395,2310,2,20180403,0,0
1395,2310,5,20180404,6,0
1396,2424,1,20180226,0,0
1396,2424,2,20180226,0,0
1396,2424,5,20180227,13,0
1397,2547,1,20180227,0,0
1397,2547,2,20180227,0,0
1397,2547,5,20180228,2,0
1398,2454,1,20180423,0,0
1398,2454,2,20180424,0,0
1398,2454,5,20180424,10,0
1399,2464,1,20180420,0,0
1399,2464,2,20180421,0,0
1399,2464,5,20180421,16,0
1400,2443,1,20180221,0,0
1400,2443,2,20180221,0,0
1400,2443,5,20180222,1,0
1401,2613,1,20180423,0,0
1401,2613,2,20180424,0,0
1402,2353,1,20180130,0,0
1402,2353,2,20180130,0,0
1402,2353,5,20180131,1,0
1403,2437,1,20180412,0,0
1403,2437,2,20180413,0,0
1403,2437,5,20180413,5,0
1404,2585,1,20180424,0,0
1404,2585,2,20180424,0,0
1404,2585,5,20180425,1,0
1405,2411,1,20180405,0,0
1405,2411,2,20180407,0,0
1406,2613,1,20180430,0,0
1406,2613,2,20180501,0,0
1406,2613,5,20180501,2,0
1407,2526,1,20180502,0,0
1407,2526,2,20180502,0,0
1407,2526,5,20180503,5,0
1408,2544,1,20180408,0,0
1408,2544,2,20180408,0,0
1408,2544,5,20180409,5,0
1409,2503,1,20180410,0,0
1409,2503,2,20180410,0,0
1410,2582,1,20180403,0,0
1410,2582,2,20180404,0,0
1410,2582,5,20180404,7,0
1411,2568,1,20180430,0,0
1411,2568,2,20180430,0,0
1411,2568,3,20180504,0,0
1411,2568,4,20180509,0,0
1412,2496,1,20180417,0,0
1412,2496,2,20180417,0,0
1412,2496,5,20180418,1,0
1413,2327,1,20180313,0,0
1413,2327,2,20180315,0,0
1413,2327,5,20180314,2,0
1414,2517,1,20180424,0,0
1414,2517,2,20180424,0,0
1414,2517,3,20180427,0,0
1414,2517,4,20180503,0,0
1415,2365,1,20180423,0,0
1415,2365,2,20180423,0,0
1415,2365,5,20180424,13,0
1416,2437,1,20180411,0,0
1416,2437,2,20180412,0,0
1416,2437,5,20180412,1,0
1417,2559,1,20180405,0,0
1417,2559,2,20180405,0,0
1417,2559,5,20180406,2,0
1418,2582,1,20180403,0,0
1418,2582,2,20180404,0,0
1418,2582,5,20180404,7,0
1419,2496,1,20180425,0,0
1419,2496,2,20180425,0,0
1419,2496,3,20180504,0,0
1419,2496,4,20180508,0,0
1420,2526,1,20180423,0,0
1420,2526,2,20180423,0,0
1420,2526,5,20180424,1,0
1421,2413,1,20180503,0,0
1421,2413,2,20180504,0,0
1421,2413,5,20180504,2,0
1422,2428,1,20180503,0,0
1422,2428,2,20180505,0,0
1423,2568,1,20180424,0,0
1423,2568,2,20180424,0,0
1423,2568,5,20180425,1,0
1424,2392,1,20180321,0,0
1424,2392,2,20180322,0,0
1424,2392,5,20180322,2,0
1425,2632,1,20180417,0,0
1425,2632,2,20180418,0,0
1425,2632,5,20180418,1,0
1426,2327,1,20180323,0,0
1426,2327,2,20180325,0,0
1426,2327,5,20180324,5,0
1427,2571,1,20180423,0,0
1427,2571,2,20180423,0,0
1427,2571,5,20180424,2,0
1428,2517,1,20180404,0,0
1428,2517,2,20180404,0,0
1428,2517,5,20180405,1,0
1429,2585,1,20180406,0,0
1429,2585,2,20180406,0,0
1429,2585,5,20180407,5,0
1430,2470,1,20180319,0,0
1430,2470,2,20180320,0,0
1430,2470,5,20180320,1,0
1431,2434,1,20180410,0,0
1431,2434,2,20180411,0,0
1431,2434,5,20180411,2,0
1432,2469,1,20180411,0,0
1432,2469,2,20180411,0,0
1432,2469,5,20180412,5,0
1433,2439,1,20180220,0,0
1433,2439,2,20180221,0,0
1433,2439,5,20180221,1,0
1434,2306,1,20180416,0,0
1434,2306,2,20180416,0,0
1434,2306,5,20180417,13,0
1435,2306,1,20180312,0,0
1435,2306,2,20180312,0,0
1435,2306,5,20180313,1,0
1436,2411,1,20180328,0,0
1436,2411,2,20180328,0,0
1436,2411,5,20180329,9,0
1437,2495,1,20180403,0,0
1437,2495,2,20180403,0,0
1437,2495,5,20180404,1,0
1438,2640,1,20180206,0,0
1438,2640,2,20180208,0,0
1438,2640,3,20180208,0,0
1438,2640,4,20180212,0,0
1439,2609,1,20180130,0,0
1439,2609,2,20180130,0,0
1439,2609,5,20180131,1,0
1440,2407,1,20180131,0,0
1440,2407,2,20180131,0,0
1440,2407,5,20180201,2,0
1441,2405,1,20180202,0,0
1441,2405,2,20180202,0,0
1441,2405,5,20180203,1,0
1442,2640,1,20180131,0,0
1442,2640,2,20180131,0,0
1442,2640,5,20180201,2,0
1443,2555,1,20180207,0,0
1443,2555,2,20180208,0,0
1443,2555,5,20180208,1,0
1444,2476,1,20180207,0,0
1444,2476,2,20180209,0,0
1444,2476,5,20180208,2,0
1445,2407,1,20180208,0,0
1445,2407,2,20180208,0,0
1445,2407,5,20180209,1,0
1446,2588,1,20180214,0,0
1446,2588,2,20180214,0,0
1446,2588,5,20180215,16,0
1447,2605,1,20180207,0,0
1447,2605,2,20180208,0,0
1447,2605,5,20180208,16,0
1448,2385,1,20180118,0,0
1448,2385,2,20180118,0,0
1448,2385,5,20180119,16,0
1449,2527,1,20180122,0,0
1449,2527,2,20180122,0,0
1449,2527,5,20180123,1,0
1450,2422,1,20180122,0,0
1450,2422,2,20180124,0,0
1450,2422,5,20180123,1,0
1451,2392,1,20180122,0,0
1451,2392,2,20180123,0,0
1451,2392,5,20180123,16,0
1452,2382,1,20180122,0,0
1452,2382,2,20180123,0,0
1452,2382,5,20180123,5,0
1453,2376,1,20180123,0,0
1453,2376,2,20180124,0,0
1453,2376,5,20180124,13,0
1454,2392,1,20180123,0,0
1454,2392,2,20180123,0,0
1454,2392,5,20180124,16,0
1455,2631,1,20180123,0,0
1455,2631,2,20180123,0,0
1455,2631,5,20180124,1,0
1456,2616,1,20180123,0,0
1456,2616,2,20180124,0,0
1456,2616,5,20180124,2,0
1457,2403,1,20180123,0,0
1457,2403,2,20180124,0,0
1457,2403,5,20180124,2,0
1458,2338,1,20180119,0,0
1458,2338,2,20180119,0,0
1458,2338,5,20180120,16,0
1459,2396,1,20180119,0,0
1459,2396,2,20180119,0,0
1459,2396,5,20180120,2,0
1460,2385,1,20180119,0,0
1460,2385,2,20180120,0,0
1460,2385,5,20180120,1,0
1461,2396,1,20180122,0,0
1461,2396,2,20180124,0,0
1461,2396,5,20180123,1,0
1462,2492,1,20180122,0,0
1462,2492,2,20180123,0,0
1462,2492,5,20180123,5,0
1463,2533,1,20180123,0,0
1463,2533,2,20180124,0,0
1463,2533,5,20180124,1,0
1464,2634,1,20180123,0,0
1464,2634,2,20180124,0,0
1464,2634,5,20180124,2,0
1465,2612,1,20180326,0,0
1465,2612,2,20180328,0,0
1465,2612,5,20180327,2,0
1466,2443,1,20180129,0,0
1466,2443,2,20180131,0,0
1466,2443,5,20180130,16,0
1467,2380,1,20180214,0,0
1467,2380,2,20180215,0,0
1467,2380,5,20180215,1,0
1468,2409,1,20180228,0,0
1468,2409,2,20180301,0,0
1468,2409,5,20180301,7,0
1469,2352,1,20180129,0,0
1469,2352,2,20180131,0,0
1469,2352,5,20180130,2,0
1470,2366,1,20180129,0,0
1470,2366,2,20180129,0,0
1470,2366,5,20180130,15,0
1471,2642,1,20180223,0,0
1471,2642,2,20180224,0,0
1471,2642,5,20180224,2,0
1472,2367,1,20180301,0,0
1472,2367,2,20180302,0,0
1472,2367,5,20180302,13,0
1473,2502,1,20180313,0,0
1473,2502,2,20180315,0,0
1473,2502,5,20180314,2,0
1474,2462,1,20180313,0,0
1474,2462,2,20180313,0,0
1474,2462,5,20180314,2,0
1475,2581,1,20180312,0,0
1475,2581,2,20180313,0,0
1475,2581,5,20180313,1,0
1476,2430,1,20180309,0,0
1476,2430,2,20180310,0,0
1476,2430,5,20180310,16,0
1477,2319,1,20180312,0,0
1477,2319,2,20180313,0,0
1477,2319,5,20180313,16,0
1478,2494,1,20180320,0,0
1478,2494,2,20180321,0,0
1478,2494,5,20180321,2,0
1479,2443,1,20180321,0,0
1479,2443,2,20180321,0,0
1479,2443,5,20180322,16,0
1480,2443,1,20180313,0,0
1480,2443,2,20180314,0,0
1480,2443,5,20180314,16,0
1481,2527,1,20180119,0,0
1481,2527,2,20180119,0,0
1481,2527,5,20180120,1,0
1482,2533,1,20180124,0,0
1482,2533,2,20180124,0,0
1482,2533,5,20180125,15,0
1483,2527,1,20180119,0,0
1483,2527,2,20180119,0,0
1483,2527,5,20180120,1,0
1484,2534,1,20180125,0,0
1484,2534,2,20180126,0,0
1484,2534,5,20180126,1,0
1485,2410,1,20180305,0,0
1485,2410,2,20180305,0,0
1485,2410,5,20180306,1,0
1486,2318,1,20180305,0,0
1486,2318,2,20180306,0,0
1486,2318,5,20180306,1,0
1487,2312,1,20180221,0,0
1487,2312,2,20180221,0,0
1487,2312,5,20180222,2,0
1488,2606,1,20180221,0,0
1488,2606,2,20180222,0,0
1488,2606,5,20180222,1,0
1489,2389,1,20180221,0,0
1489,2389,2,20180222,0,0
1489,2389,5,20180222,6,0
1490,2352,1,20180223,0,0
1490,2352,2,20180223,0,0
1490,2352,5,20180224,1,0
1491,2620,1,20180320,0,0
1491,2620,2,20180321,0,0
1491,2620,5,20180321,1,0
1492,2338,1,20180208,0,0
1492,2338,2,20180208,0,0
1492,2338,5,20180209,16,0
1493,2470,1,20180221,0,0
1493,2470,2,20180223,0,0
1493,2470,5,20180222,16,0
1494,2642,1,20180222,0,0
1494,2642,2,20180222,0,0
1494,2642,5,20180223,2,0
1495,2558,1,20180306,0,0
1495,2558,2,20180307,0,0
1495,2558,5,20180307,1,0
1496,2558,1,20180321,0,0
1496,2558,2,20180321,0,0
1496,2558,5,20180322,1,0
1497,2541,1,20180326,0,0
1497,2541,2,20180326,0,0
1497,2541,5,20180327,2,0
1498,2526,1,20180313,0,0
1498,2526,2,20180313,0,0
1498,2526,5,20180314,1,0
1499,2541,1,20180313,0,0
1499,2541,2,20180313,0,0
1499,2541,5,20180314,1,0
1500,2541,1,20180320,0,0
1500,2541,2,20180320,0,0
1500,2541,5,20180321,2,0
1501,2575,1,20180214,0,0
1501,2575,2,20180214,0,0
1501,2575,5,20180215,1,0
1502,2385,1,20180118,0,0
1502,2385,2,20180119,0,0
1502,2385,5,20180119,5,0
1503,2396,1,20180227,0,0
1503,2396,2,20180228,0,0
1503,2396,5,20180228,1,0
1504,2452,1,20180314,0,0
1504,2452,2,20180315,0,0
1504,2452,5,20180315,2,0
1505,2481,1,20180201,0,0
1505,2481,2,20180201,0,0
1505,2481,5,20180202,2,0
1506,2482,1,20180226,0,0
1506,2482,2,20180226,0,0
1506,2482,5,20180227,5,0
1507,2407,1,20180123,0,0
1507,2407,2,20180123,0,0
1507,2407,5,20180124,2,0
1508,2493,1,20180125,0,0
1508,2493,2,20180125,0,0
1508,2493,5,20180126,2,0
1509,2493,1,20180125,0,0
1509,2493,2,20180126,0,0
1509,2493,5,20180126,1,0
1510,2580,1,20180125,0,0
1510,2580,2,20180125,0,0
1510,2580,5,20180126,2,0
1511,2407,1,20180123,0,0
1511,2407,2,20180124,0,0
1511,2407,5,20180124,16,0
1512,2407,1,20180123,0,0
1512,2407,2,20180123,0,0
1512,2407,5,20180124,2,0
1513,2509,1,20180206,0,0
1513,2509,2,20180206,0,0
1513,2509,5,20180207,2,0
1514,2634,1,20180129,0,0
1514,2634,2,20180131,0,0
1514,2634,5,20180130,13,0
1515,2517,1,20180131,0,0
1515,2517,2,20180201,0,0
1515,2517,5,20180201,2,0
1516,2499,1,20180115,0,0
1516,2499,2,20180116,0,0
1516,2499,5,20180116,15,0
1517,2517,1,20180115,0,0
1517,2517,2,20180115,0,0
1517,2517,5,20180116,16,0
1518,2499,1,20180115,0,0
1518,2499,2,20180115,0,0
1518,2499,5,20180116,1,0
1519,2456,1,20180115,0,0
1519,2456,2,20180115,0,0
1519,2456,5,20180116,1,0
1520,2374,1,20180116,0,0
1520,2374,2,20180116,0,0
1520,2374,5,20180117,1,0
1521,2317,1,20180116,0,0
1521,2317,2,20180117,0,0
1521,2317,5,20180117,16,0
1522,2624,1,20180117,0,0
1522,2624,2,20180118,0,0
1522,2624,5,20180118,1,0
1523,2392,1,20180117,0,0
1523,2392,2,20180118,0,0
1523,2392,5,20180118,16,0
1524,2564,1,20180117,0,0
1524,2564,2,20180118,0,0
1524,2564,5,20180118,2,0
1525,2456,1,20180117,0,0
1525,2456,2,20180119,0,0
1525,2456,5,20180118,1,0
1526,2432,1,20180117,0,0
1526,2432,2,20180117,0,0
1526,2432,5,20180118,1,0
1527,2527,1,20180118,0,0
1527,2527,2,20180118,0,0
1527,2527,5,20180119,11,0
1528,2616,1,20180118,0,0
1528,2616,2,20180118,0,0
1528,2616,5,20180119,13,0
1529,2532,1,20180115,0,0
1529,2532,2,20180115,0,0
1529,2532,5,20180116,2,0
1530,2337,1,20180115,0,0
1530,2337,2,20180115,0,0
1530,2337,5,20180116,1,0
1531,2490,1,20180117,0,0
1531,2490,2,20180118,0,0
1531,2490,5,20180118,2,0
1532,2486,1,20180118,0,0
1532,2486,2,20180119,0,0
1532,2486,5,20180119,1,0
1533,2407,1,20180125,0,0
1533,2407,2,20180127,0,0
1533,2407,5,20180126,1,0
1534,2325,1,20180116,0,0
1534,2325,2,20180117,0,0
1534,2325,5,20180117,5,0
1535,2622,1,20180109,0,0
1535,2622,2,20180109,0,0
1535,2622,3,20180117,0,0
1535,2622,4,20180119,0,0
1536,2517,1,20180306,0,0
1536,2517,2,20180307,0,0
1536,2517,5,20180307,5,0
1537,2578,1,20180426,0,0
1537,2578,2,20180427,0,0
1537,2578,5,20180427,15,0
1538,2450,1,20180502,0,0
1538,2450,2,20180504,0,0
1538,2450,5,20180503,1,0
1539,2545,1,20180410,0,0
1539,2545,2,20180411,0,0
1540,2485,1,20180410,0,0
1540,2485,2,20180410,0,0
1540,2485,5,20180411,10,0
1541,2359,1,20180404,0,0
1541,2359,2,20180405,0,0
1541,2359,5,20180405,4,0
1542,2526,1,20180503,0,0
1542,2526,2,20180503,0,0
1542,2526,5,20180504,1,0
1543,2329,1,20180410,0,0
1543,2329,2,20180411,0,0
1543,2329,5,20180411,2,0
1544,2455,1,20180503,0,0
1544,2455,2,20180503,0,0
1544,2455,5,20180504,1,0
1545,2514,1,20180503,0,0
1545,2514,2,20180503,0,0
1545,2514,3,20180504,0,0
1545,2514,4,20180508,0,0
1546,2520,1,20180410,0,0
1546,2520,2,20180411,0,0
1546,2520,5,20180411,2,0
1547,2484,1,20180502,0,0
1547,2484,2,20180502,0,0
1547,2484,3,20180503,0,0
1547,2484,4,20180507,0,0
1548,2517,1,20180403,0,0
1548,2517,2,20180406,0,0
1548,2517,5,20180404,9,0
1549,2585,1,20180327,0,0
1549,2585,2,20180327,0,0
1549,2585,5,20180328,2,0
1550,2368,1,20180430,0,0
1550,2368,2,20180430,0,0
1550,2368,3,20180504,0,0
1550,2368,4,20180509,0,0
1551,2341,1,20180503,0,0
1551,2341,2,20180505,0,0
1551,2341,5,20180504,2,0
1552,2567,1,20180423,0,0
1552,2567,2,20180426,0,0
1552,2567,3,20180427,0,0
1552,2567,4,20180502,0,0
1553,2530,1,20180423,0,0
1553,2530,2,20180423,0,0
1553,2530,5,20180424,9,0
1554,2314,1,20180502,0,0
1554,2314,2,20180502,0,0
1554,2314,5,20180503,16,0
1555,2612,1,20180409,0,0
1555,2612,2,20180409,0,0
1555,2612,5,20180410,1,0
1556,2571,1,20180410,0,0
1556,2571,2,20180410,0,0
1556,2571,5,20180411,16,0
1557,2571,1,20180423,0,0
1557,2571,2,20180423,0,0
1557,2571,5,20180424,16,0
1558,2411,1,20180405,0,0
1558,2411,2,20180405,0,0
1559,2368,1,20180413,0,0
1559,2368,2,20180415,0,0
1560,2404,1,20180430,0,0
1560,2404,2,20180501,0,0
1561,2385,1,20180426,0,0
1561,2385,2,20180427,0,0
1561,2385,5,20180427,6,0
1562,2444,1,20180404,0,0
1562,2444,2,20180406,0,0
1562,2444,5,20180405,1,0
1563,2601,1,20180427,0,0
1563,2601,2,20180428,0,0
1563,2601,3,20180430,0,0
1563,2601,4,20180504,0,0
1564,2428,1,20180425,0,0
1564,2428,2,20180426,0,0
1564,2428,5,20180426,16,0
1565,2413,1,20180503,0,0
1565,2413,2,20180504,0,0
1565,2413,5,20180504,1,0
1566,2419,1,20180424,0,0
1566,2419,2,20180425,0,0
1567,2427,1,20180412,0,0
1567,2427,2,20180413,0,0
1567,2427,5,20180413,1,0
1568,2530,1,20180427,0,0
1568,2530,2,20180427,0,0
1568,2530,3,20180503,0,0
1568,2530,4,20180507,0,0
1569,2556,1,20180423,0,0
1569,2556,2,20180423,0,0
1569,2556,3,20180427,0,0
1569,2556,4,20180502,0,0
1570,2504,1,20180416,0,0
1570,2504,2,20180417,0,0
1570,2504,5,20180417,10,0
1571,2404,1,20180412,0,0
1571,2404,2,20180412,0,0
1572,2419,1,20180410,0,0
1572,2419,2,20180410,0,0
1572,2419,5,20180411,16,0
1573,2549,1,20180413,0,0
1573,2549,2,20180413,0,0
1573,2549,5,20180414,7,0
1574,2607,1,20180430,0,0
1574,2607,2,20180501,0,0
1575,2619,1,20180430,0,0
1575,2619,2,20180501,0,0
1576,2444,1,20180410,0,0
1576,2444,2,20180411,0,0
1576,2444,3,20180420,0,0
1576,2444,4,20180423,0,0
1577,2365,1,20180502,0,0
1577,2365,2,20180503,0,0
1577,2365,3,20180503,0,0
1577,2365,4,20180508,0,0
1578,2323,1,20180425,0,0
1578,2323,2,20180427,0,0
1578,2323,5,20180426,1,0
1579,2323,1,20180425,0,0
1579,2323,2,20180425,0,0
1579,2323,5,20180426,1,0
1580,2498,1,20180402,0,0
1580,2498,2,20180403,0,0
1580,2498,5,20180403,1,0
1581,2530,1,20180427,0,0
1581,2530,2,20180427,0,0
1582,2462,1,20180410,0,0
1582,2462,2,20180411,0,0
1582,2462,5,20180411,1,0
1583,2384,1,20180409,0,0
1583,2384,2,20180411,0,0
1583,2384,5,20180410,2,0
1584,2582,1,20180403,0,0
1584,2582,2,20180403,0,0
1584,2582,5,20180404,1,0
1585,2347,1,20180427,0,0
1585,2347,2,20180428,0,0
1585,2347,3,20180503,0,0
1585,2347,4,20180507,0,0
1586,2385,1,20180426,0,0
1586,2385,2,20180427,0,0
1586,2385,5,20180427,5,0
1587,2462,1,20180416,0,0
1587,2462,2,20180416,0,0
1587,2462,5,20180417,2,0
1588,2465,1,20180424,0,0
1588,2465,2,20180424,0,0
1588,2465,3,20180427,0,0
1588,2465,4,20180503,0,0
1589,2466,1,20180502,0,0
1589,2466,2,20180503,0,0
1590,2521,1,20180411,0,0
1590,2521,2,20180412,0,0
1590,2521,5,20180412,5,0
1591,2485,1,20180420,0,0
1591,2485,2,20180420,0,0
1591,2485,3,20180424,0,0
1591,2485,4,20180426,0,0
1592,2578,1,20180502,0,0
1592,2578,2,20180504,0,0
1592,2578,5,20180503,13,0
1593,2400,1,20180430,0,0
1593,2400,2,20180430,0,0
1593,2400,5,20180501,5,0
1594,2306,1,20180425,0,0
1594,2306,2,20180425,0,0
1594,2306,3,20180426,0,0
1594,2306,4,20180502,0,0
1595,2612,1,20180410,0,0
1595,2612,2,20180410,0,0
1595,2612,5,20180411,2,0
1596,2503,1,20180411,0,0
1596,2503,2,20180411,0,0
1596,2503,5,20180412,2,0
1597,2412,1,20180419,0,0
1597,2412,2,20180419,0,0
1597,2412,5,20180420,16,0
1598,2443,1,20180321,0,0
1598,2443,2,20180322,0,0
1598,2443,5,20180322,16,0
1599,2503,1,20180323,0,0
1599,2503,2,20180324,0,0
1599,2503,5,20180324,2,0
1600,2476,1,20180207,0,0
1600,2476,2,20180210,0,0
1600,2476,5,20180208,16,0
1601,2432,1,20180207,0,0
1601,2432,2,20180209,0,0
1601,2432,5,20180208,1,0
1602,2389,1,20180206,0,0
1602,2389,2,20180207,0,0
1602,2389,5,20180207,2,0
1603,2360,1,20180426,0,0
1603,2360,2,20180427,0,0
1603,2360,3,20180427,0,0
1603,2360,4,20180503,0,0
1604,2607,1,20180502,0,0
1604,2607,2,20180503,0,0
1604,2607,5,20180503,2,0
1605,2590,1,20180409,0,0
1605,2590,2,20180409,0,0
1605,2590,5,20180410,2,0
1606,2375,1,20180402,0,0
1606,2375,2,20180402,0,0
1606,2375,5,20180403,4,0
